benchmark,synth_target,component,timeout,num_iterations,repetition,driver_returncode,run_status,component_solve_status,solution_found,accepted_constraints,total_constraints,solver_attempts,solver_runtime_seconds_total,solver_runtime_seconds_max,enum_count_primary_total,enum_count_primary_last,wall_seconds,random_seed,luts,ffs,dsps,accuracy_exact_match,within_rel_pct,abs_err_avg,abs_err_max,summary_path,log_path
mxint8_add_combined,mxint8_add,full_sum_combined,10,5,1,0,solved,solved,True,1,5,5,0.21956904791295528,0.08591730892658234,3231,1798,68.22062182426453,42,124,0,0,-1.0,0.053,54.17890796875,192.0,/home/josephluke/Program-Synthesis-for-Efficient-ML/results/hyperparameter_sweep/quality_joint/raw/mxint8_add_combined_t10_i5_r01.json,/home/josephluke/Program-Synthesis-for-Efficient-ML/results/hyperparameter_sweep/quality_joint/raw/mxint8_add_combined_t10_i5_r01.log
mxint8_add_combined,mxint8_add,full_sum_combined,10,5,2,0,failed,fail,False,0,5,5,0.1833067573606968,0.04151282459497452,3002,613,0.9960634708404541,43,-1,-1,-1,-1.0,-1.0,-1.0,-1.0,/home/josephluke/Program-Synthesis-for-Efficient-ML/results/hyperparameter_sweep/quality_joint/raw/mxint8_add_combined_t10_i5_r02.json,/home/josephluke/Program-Synthesis-for-Efficient-ML/results/hyperparameter_sweep/quality_joint/raw/mxint8_add_combined_t10_i5_r02.log
mxint8_add_combined,mxint8_add,full_sum_combined,10,5,3,0,failed,fail,False,0,5,5,0.15597342140972614,0.04035879485309124,1842,572,0.970057487487793,44,-1,-1,-1,-1.0,-1.0,-1.0,-1.0,/home/josephluke/Program-Synthesis-for-Efficient-ML/results/hyperparameter_sweep/quality_joint/raw/mxint8_add_combined_t10_i5_r03.json,/home/josephluke/Program-Synthesis-for-Efficient-ML/results/hyperparameter_sweep/quality_joint/raw/mxint8_add_combined_t10_i5_r03.log
mxint8_add_combined,mxint8_add,full_sum_combined,10,15,1,0,solved,solved,True,7,15,15,18.694030076265335,10.01744006946683,102224,34924,90.10275077819824,42,454,0,0,-1.0,1.0,0.3545431640625,4.0,/home/josephluke/Program-Synthesis-for-Efficient-ML/results/hyperparameter_sweep/quality_joint/raw/mxint8_add_combined_t10_i15_r01.json,/home/josephluke/Program-Synthesis-for-Efficient-ML/results/hyperparameter_sweep/quality_joint/raw/mxint8_add_combined_t10_i15_r01.log
mxint8_add_combined,mxint8_add,full_sum_combined,10,15,2,0,solved,solved,True,2,15,15,0.57028828561306,0.048919523134827614,7967,106,69.03795671463013,43,213,0,0,-1.0,0.0625,54.30195734375,144.0,/home/josephluke/Program-Synthesis-for-Efficient-ML/results/hyperparameter_sweep/quality_joint/raw/mxint8_add_combined_t10_i15_r02.json,/home/josephluke/Program-Synthesis-for-Efficient-ML/results/hyperparameter_sweep/quality_joint/raw/mxint8_add_combined_t10_i15_r02.log
mxint8_add_combined,mxint8_add,full_sum_combined,10,15,3,0,solved,solved,True,2,15,15,0.7086663078516722,0.11697692424058914,11357,2245,70.39486527442932,44,68,0,0,-1.0,0.1557,52.6447890625,136.0,/home/josephluke/Program-Synthesis-for-Efficient-ML/results/hyperparameter_sweep/quality_joint/raw/mxint8_add_combined_t10_i15_r03.json,/home/josephluke/Program-Synthesis-for-Efficient-ML/results/hyperparameter_sweep/quality_joint/raw/mxint8_add_combined_t10_i15_r03.log
mxint8_add_combined,mxint8_add,full_sum_combined,10,30,1,0,solved,solved,True,15,30,30,129.87633416242898,10.017384007573128,485187,46344,201.48151993751526,42,454,0,0,-1.0,1.0,0.349564375,4.0,/home/josephluke/Program-Synthesis-for-Efficient-ML/results/hyperparameter_sweep/quality_joint/raw/mxint8_add_combined_t10_i30_r01.json,/home/josephluke/Program-Synthesis-for-Efficient-ML/results/hyperparameter_sweep/quality_joint/raw/mxint8_add_combined_t10_i30_r01.log
mxint8_add_combined,mxint8_add,full_sum_combined,10,30,2,0,solved,solved,True,11,30,30,70.67864505387843,10.018167639151216,92927,16900,142.2811586856842,43,454,0,0,-1.0,1.0,0.3528553125,4.0,/home/josephluke/Program-Synthesis-for-Efficient-ML/results/hyperparameter_sweep/quality_joint/raw/mxint8_add_combined_t10_i30_r02.json,/home/josephluke/Program-Synthesis-for-Efficient-ML/results/hyperparameter_sweep/quality_joint/raw/mxint8_add_combined_t10_i30_r02.log
mxint8_add_combined,mxint8_add,full_sum_combined,10,30,3,0,solved,solved,True,4,30,30,4.40985432267189,0.8392677716910839,64975,4508,72.15376281738281,44,137,0,0,-1.0,0.3072,15.5344540625,56.0,/home/josephluke/Program-Synthesis-for-Efficient-ML/results/hyperparameter_sweep/quality_joint/raw/mxint8_add_combined_t10_i30_r03.json,/home/josephluke/Program-Synthesis-for-Efficient-ML/results/hyperparameter_sweep/quality_joint/raw/mxint8_add_combined_t10_i30_r03.log
mxint8_add_combined,mxint8_add,full_sum_combined,60,5,1,0,solved,solved,True,1,5,5,0.217159666121006,0.08647289872169495,3231,1798,69.96479678153992,42,124,0,0,-1.0,0.0527,54.29118662109375,192.0,/home/josephluke/Program-Synthesis-for-Efficient-ML/results/hyperparameter_sweep/quality_joint/raw/mxint8_add_combined_t60_i5_r01.json,/home/josephluke/Program-Synthesis-for-Efficient-ML/results/hyperparameter_sweep/quality_joint/raw/mxint8_add_combined_t60_i5_r01.log
mxint8_add_combined,mxint8_add,full_sum_combined,60,5,2,0,failed,fail,False,0,5,5,0.1946704126894474,0.04431449994444847,3002,613,1.0647947788238525,43,-1,-1,-1,-1.0,-1.0,-1.0,-1.0,/home/josephluke/Program-Synthesis-for-Efficient-ML/results/hyperparameter_sweep/quality_joint/raw/mxint8_add_combined_t60_i5_r02.json,/home/josephluke/Program-Synthesis-for-Efficient-ML/results/hyperparameter_sweep/quality_joint/raw/mxint8_add_combined_t60_i5_r02.log
mxint8_add_combined,mxint8_add,full_sum_combined,60,5,3,0,failed,fail,False,0,5,5,0.1652950756251812,0.0423535592854023,1842,572,1.0076837539672852,44,-1,-1,-1,-1.0,-1.0,-1.0,-1.0,/home/josephluke/Program-Synthesis-for-Efficient-ML/results/hyperparameter_sweep/quality_joint/raw/mxint8_add_combined_t60_i5_r03.json,/home/josephluke/Program-Synthesis-for-Efficient-ML/results/hyperparameter_sweep/quality_joint/raw/mxint8_add_combined_t60_i5_r03.log
mxint8_add_combined,mxint8_add,full_sum_combined,60,15,1,0,solved,solved,True,7,15,15,20.66386152431369,11.3744702860713,187680,34924,92.3099935054779,42,454,0,0,-1.0,1.0,0.351444375,4.0,/home/josephluke/Program-Synthesis-for-Efficient-ML/results/hyperparameter_sweep/quality_joint/raw/mxint8_add_combined_t60_i15_r01.json,/home/josephluke/Program-Synthesis-for-Efficient-ML/results/hyperparameter_sweep/quality_joint/raw/mxint8_add_combined_t60_i15_r01.log
mxint8_add_combined,mxint8_add,full_sum_combined,60,15,2,0,solved,solved,True,2,15,15,0.5716603882610798,0.04898543283343315,7967,106,71.41764950752258,43,213,0,0,-1.0,0.06269999999999999,54.181643125,144.0,/home/josephluke/Program-Synthesis-for-Efficient-ML/results/hyperparameter_sweep/quality_joint/raw/mxint8_add_combined_t60_i15_r02.json,/home/josephluke/Program-Synthesis-for-Efficient-ML/results/hyperparameter_sweep/quality_joint/raw/mxint8_add_combined_t60_i15_r02.log
mxint8_add_combined,mxint8_add,full_sum_combined,60,15,3,0,solved,solved,True,2,15,15,0.7472569365054369,0.1217376496642828,11357,2245,70.33988690376282,44,68,0,0,-1.0,0.1547,52.39476859375,136.0,/home/josephluke/Program-Synthesis-for-Efficient-ML/results/hyperparameter_sweep/quality_joint/raw/mxint8_add_combined_t60_i15_r03.json,/home/josephluke/Program-Synthesis-for-Efficient-ML/results/hyperparameter_sweep/quality_joint/raw/mxint8_add_combined_t60_i15_r03.log
mxint8_add_combined,mxint8_add,full_sum_combined,60,30,1,0,solved,solved,True,15,30,30,331.59660087525845,60.08910538442433,643043,46344,403.23845386505127,42,454,0,0,-1.0,1.0,0.354325625,4.0,/home/josephluke/Program-Synthesis-for-Efficient-ML/results/hyperparameter_sweep/quality_joint/raw/mxint8_add_combined_t60_i30_r01.json,/home/josephluke/Program-Synthesis-for-Efficient-ML/results/hyperparameter_sweep/quality_joint/raw/mxint8_add_combined_t60_i30_r01.log
mxint8_add_combined,mxint8_add,full_sum_combined,60,30,2,0,solved,solved,True,11,30,30,315.5583031605929,60.09100788459182,452193,16900,386.9284360408783,43,454,0,0,-1.0,1.0,0.352566875,4.0,/home/josephluke/Program-Synthesis-for-Efficient-ML/results/hyperparameter_sweep/quality_joint/raw/mxint8_add_combined_t60_i30_r02.json,/home/josephluke/Program-Synthesis-for-Efficient-ML/results/hyperparameter_sweep/quality_joint/raw/mxint8_add_combined_t60_i30_r02.log
mxint8_add_combined,mxint8_add,full_sum_combined,60,30,3,0,solved,solved,True,4,30,30,4.430804181843996,0.843169154599309,64975,4508,74.44076704978943,44,137,0,0,-1.0,0.3061,15.5484440625,56.0,/home/josephluke/Program-Synthesis-for-Efficient-ML/results/hyperparameter_sweep/quality_joint/raw/mxint8_add_combined_t60_i30_r03.json,/home/josephluke/Program-Synthesis-for-Efficient-ML/results/hyperparameter_sweep/quality_joint/raw/mxint8_add_combined_t60_i30_r03.log
mxint8_add_combined,mxint8_add,full_sum_combined,300,5,1,0,solved,solved,True,1,5,5,0.21719613671302795,0.08645595237612724,3231,1798,70.06351161003113,42,124,0,0,-1.0,0.0513,54.342419375,192.0,/home/josephluke/Program-Synthesis-for-Efficient-ML/results/hyperparameter_sweep/quality_joint/raw/mxint8_add_combined_t300_i5_r01.json,/home/josephluke/Program-Synthesis-for-Efficient-ML/results/hyperparameter_sweep/quality_joint/raw/mxint8_add_combined_t300_i5_r01.log
mxint8_add_combined,mxint8_add,full_sum_combined,300,5,2,0,failed,fail,False,0,5,5,0.19454787857830524,0.0443835835903883,3002,613,1.066504955291748,43,-1,-1,-1,-1.0,-1.0,-1.0,-1.0,/home/josephluke/Program-Synthesis-for-Efficient-ML/results/hyperparameter_sweep/quality_joint/raw/mxint8_add_combined_t300_i5_r02.json,/home/josephluke/Program-Synthesis-for-Efficient-ML/results/hyperparameter_sweep/quality_joint/raw/mxint8_add_combined_t300_i5_r02.log
mxint8_add_combined,mxint8_add,full_sum_combined,300,5,3,0,failed,fail,False,0,5,5,0.16484422236680984,0.04200258292257786,1842,572,1.010711431503296,44,-1,-1,-1,-1.0,-1.0,-1.0,-1.0,/home/josephluke/Program-Synthesis-for-Efficient-ML/results/hyperparameter_sweep/quality_joint/raw/mxint8_add_combined_t300_i5_r03.json,/home/josephluke/Program-Synthesis-for-Efficient-ML/results/hyperparameter_sweep/quality_joint/raw/mxint8_add_combined_t300_i5_r03.log
mxint8_add_combined,mxint8_add,full_sum_combined,300,15,1,0,solved,solved,True,7,15,15,20.761415753513575,11.466176299378276,187680,34924,92.05017113685608,42,454,0,0,-1.0,1.0,0.3511178125,4.0,/home/josephluke/Program-Synthesis-for-Efficient-ML/results/hyperparameter_sweep/quality_joint/raw/mxint8_add_combined_t300_i15_r01.json,/home/josephluke/Program-Synthesis-for-Efficient-ML/results/hyperparameter_sweep/quality_joint/raw/mxint8_add_combined_t300_i15_r01.log
mxint8_add_combined,mxint8_add,full_sum_combined,300,15,2,0,solved,solved,True,2,15,15,0.5706161987036467,0.048063043504953384,7967,106,71.57945966720581,43,213,0,0,-1.0,0.063,54.11823609375,144.0,/home/josephluke/Program-Synthesis-for-Efficient-ML/results/hyperparameter_sweep/quality_joint/raw/mxint8_add_combined_t300_i15_r02.json,/home/josephluke/Program-Synthesis-for-Efficient-ML/results/hyperparameter_sweep/quality_joint/raw/mxint8_add_combined_t300_i15_r02.log
mxint8_add_combined,mxint8_add,full_sum_combined,300,15,3,0,solved,solved,True,2,15,15,0.749851930886507,0.12291057966649532,11357,2245,70.42218017578125,44,68,0,0,-1.0,0.15869999999999998,52.209533359375,136.0,/home/josephluke/Program-Synthesis-for-Efficient-ML/results/hyperparameter_sweep/quality_joint/raw/mxint8_add_combined_t300_i15_r03.json,/home/josephluke/Program-Synthesis-for-Efficient-ML/results/hyperparameter_sweep/quality_joint/raw/mxint8_add_combined_t300_i15_r03.log
mxint8_add_combined,mxint8_add,full_sum_combined,300,30,1,0,solved,solved,True,15,30,30,1094.0738751795143,300.1905178632587,1908724,795683,1165.8584678173065,42,454,0,0,-1.0,1.0,0.347044375,4.0,/home/josephluke/Program-Synthesis-for-Efficient-ML/results/hyperparameter_sweep/quality_joint/raw/mxint8_add_combined_t300_i30_r01.json,/home/josephluke/Program-Synthesis-for-Efficient-ML/results/hyperparameter_sweep/quality_joint/raw/mxint8_add_combined_t300_i30_r01.log
mxint8_add_combined,mxint8_add,full_sum_combined,300,30,2,0,solved,solved,True,11,30,30,1064.7310771923512,300.2156377993524,919902,16900,1136.5570492744446,43,454,0,0,-1.0,1.0,0.3528390625,4.0,/home/josephluke/Program-Synthesis-for-Efficient-ML/results/hyperparameter_sweep/quality_joint/raw/mxint8_add_combined_t300_i30_r02.json,/home/josephluke/Program-Synthesis-for-Efficient-ML/results/hyperparameter_sweep/quality_joint/raw/mxint8_add_combined_t300_i30_r02.log
mxint8_add_combined,mxint8_add,full_sum_combined,300,30,3,0,solved,solved,True,4,30,30,4.430241923779249,0.8402422536164522,64975,4508,74.59575819969177,44,137,0,0,-1.0,0.3054,15.5258940625,56.0,/home/josephluke/Program-Synthesis-for-Efficient-ML/results/hyperparameter_sweep/quality_joint/raw/mxint8_add_combined_t300_i30_r03.json,/home/josephluke/Program-Synthesis-for-Efficient-ML/results/hyperparameter_sweep/quality_joint/raw/mxint8_add_combined_t300_i30_r03.log
mxint8_mul_combined,mxint8_mul,full_product_combined,10,5,1,0,solved,solved,True,4,5,5,0.11251825280487537,0.03643354773521423,3025,41,69.77639031410217,1042,26,0,0,-1.0,0.8593000000000001,6.770506787109375,128.0,/home/josephluke/Program-Synthesis-for-Efficient-ML/results/hyperparameter_sweep/quality_joint/raw/mxint8_mul_combined_t10_i5_r01.json,/home/josephluke/Program-Synthesis-for-Efficient-ML/results/hyperparameter_sweep/quality_joint/raw/mxint8_mul_combined_t10_i5_r01.log
mxint8_mul_combined,mxint8_mul,full_product_combined,10,5,2,0,solved,solved,True,3,5,5,0.13231119886040688,0.036409322172403336,5709,121,69.92560863494873,1043,27,0,0,-1.0,0.6385000000000001,18.009512353515625,224.0,/home/josephluke/Program-Synthesis-for-Efficient-ML/results/hyperparameter_sweep/quality_joint/raw/mxint8_mul_combined_t10_i5_r02.json,/home/josephluke/Program-Synthesis-for-Efficient-ML/results/hyperparameter_sweep/quality_joint/raw/mxint8_mul_combined_t10_i5_r02.log
mxint8_mul_combined,mxint8_mul,full_product_combined,10,5,3,0,solved,solved,True,1,5,5,0.3766446989029646,0.1103580854833126,62351,20272,70.37347888946533,1044,26,0,0,-1.0,0.8591,6.769709624023437,128.0,/home/josephluke/Program-Synthesis-for-Efficient-ML/results/hyperparameter_sweep/quality_joint/raw/mxint8_mul_combined_t10_i5_r03.json,/home/josephluke/Program-Synthesis-for-Efficient-ML/results/hyperparameter_sweep/quality_joint/raw/mxint8_mul_combined_t10_i5_r03.log
mxint8_mul_combined,mxint8_mul,full_product_combined,10,15,1,0,solved,solved,True,9,15,15,20.76329113356769,5.753735013306141,3600842,273315,90.81227374076843,1042,26,0,0,-1.0,0.8604999999999999,6.750500043945313,128.0,/home/josephluke/Program-Synthesis-for-Efficient-ML/results/hyperparameter_sweep/quality_joint/raw/mxint8_mul_combined_t10_i15_r01.json,/home/josephluke/Program-Synthesis-for-Efficient-ML/results/hyperparameter_sweep/quality_joint/raw/mxint8_mul_combined_t10_i15_r01.log
mxint8_mul_combined,mxint8_mul,full_product_combined,10,15,2,0,solved,solved,True,9,15,15,5.929346596822143,2.7371969148516655,1267297,121,75.80593848228455,1043,27,0,0,-1.0,0.6416,17.828875073242187,224.0,/home/josephluke/Program-Synthesis-for-Efficient-ML/results/hyperparameter_sweep/quality_joint/raw/mxint8_mul_combined_t10_i15_r02.json,/home/josephluke/Program-Synthesis-for-Efficient-ML/results/hyperparameter_sweep/quality_joint/raw/mxint8_mul_combined_t10_i15_r02.log
mxint8_mul_combined,mxint8_mul,full_product_combined,10,15,3,0,solved,solved,True,6,15,15,40.631281396374106,10.013267107307911,82898,55,110.61564612388611,1044,26,0,0,-1.0,0.8603000000000001,6.722156704101563,128.0,/home/josephluke/Program-Synthesis-for-Efficient-ML/results/hyperparameter_sweep/quality_joint/raw/mxint8_mul_combined_t10_i15_r03.json,/home/josephluke/Program-Synthesis-for-Efficient-ML/results/hyperparameter_sweep/quality_joint/raw/mxint8_mul_combined_t10_i15_r03.log
mxint8_mul_combined,mxint8_mul,full_product_combined,10,30,1,0,solved,solved,True,17,30,30,87.9687016941607,10.013141890987754,6297770,55,158.24780249595642,1042,26,0,0,-1.0,0.8617,6.604195390625,128.0,/home/josephluke/Program-Synthesis-for-Efficient-ML/results/hyperparameter_sweep/quality_joint/raw/mxint8_mul_combined_t10_i30_r01.json,/home/josephluke/Program-Synthesis-for-Efficient-ML/results/hyperparameter_sweep/quality_joint/raw/mxint8_mul_combined_t10_i30_r01.log
mxint8_mul_combined,mxint8_mul,full_product_combined,10,30,2,0,solved,solved,True,20,30,30,22.69726144708693,5.3688967525959015,4669107,152,92.54503440856934,1043,27,0,0,-1.0,0.6402,17.870263671875,224.0,/home/josephluke/Program-Synthesis-for-Efficient-ML/results/hyperparameter_sweep/quality_joint/raw/mxint8_mul_combined_t10_i30_r02.json,/home/josephluke/Program-Synthesis-for-Efficient-ML/results/hyperparameter_sweep/quality_joint/raw/mxint8_mul_combined_t10_i30_r02.log
mxint8_mul_combined,mxint8_mul,full_product_combined,10,30,3,0,solved,solved,True,12,30,30,130.8571911305189,10.013191284611821,83228,55,200.79253673553467,1044,26,0,0,-1.0,0.8606999999999999,6.72952541015625,128.0,/home/josephluke/Program-Synthesis-for-Efficient-ML/results/hyperparameter_sweep/quality_joint/raw/mxint8_mul_combined_t10_i30_r03.json,/home/josephluke/Program-Synthesis-for-Efficient-ML/results/hyperparameter_sweep/quality_joint/raw/mxint8_mul_combined_t10_i30_r03.log
mxint8_mul_combined,mxint8_mul,full_product_combined,60,5,1,0,solved,solved,True,4,5,5,0.11227731220424175,0.036497244611382484,3025,41,70.26337790489197,1042,26,0,0,-1.0,0.8592,6.840383369140625,128.0,/home/josephluke/Program-Synthesis-for-Efficient-ML/results/hyperparameter_sweep/quality_joint/raw/mxint8_mul_combined_t60_i5_r01.json,/home/josephluke/Program-Synthesis-for-Efficient-ML/results/hyperparameter_sweep/quality_joint/raw/mxint8_mul_combined_t60_i5_r01.log
mxint8_mul_combined,mxint8_mul,full_product_combined,60,5,2,0,solved,solved,True,3,5,5,0.13240443728864193,0.036596156656742096,5709,121,70.39899349212646,1043,27,0,0,-1.0,0.6397999999999999,18.000636420898438,224.0,/home/josephluke/Program-Synthesis-for-Efficient-ML/results/hyperparameter_sweep/quality_joint/raw/mxint8_mul_combined_t60_i5_r02.json,/home/josephluke/Program-Synthesis-for-Efficient-ML/results/hyperparameter_sweep/quality_joint/raw/mxint8_mul_combined_t60_i5_r02.log
mxint8_mul_combined,mxint8_mul,full_product_combined,60,5,3,0,solved,solved,True,1,5,5,0.3789815604686737,0.1104693878442049,62351,20272,70.38557052612305,1044,26,0,0,-1.0,0.8593000000000001,6.730811748046875,128.0,/home/josephluke/Program-Synthesis-for-Efficient-ML/results/hyperparameter_sweep/quality_joint/raw/mxint8_mul_combined_t60_i5_r03.json,/home/josephluke/Program-Synthesis-for-Efficient-ML/results/hyperparameter_sweep/quality_joint/raw/mxint8_mul_combined_t60_i5_r03.log
mxint8_mul_combined,mxint8_mul,full_product_combined,60,15,1,0,solved,solved,True,9,15,15,20.889490976929665,5.784631561487913,3600842,273315,90.82167601585388,1042,26,0,0,-1.0,0.8575,6.949270805664063,128.0,/home/josephluke/Program-Synthesis-for-Efficient-ML/results/hyperparameter_sweep/quality_joint/raw/mxint8_mul_combined_t60_i15_r01.json,/home/josephluke/Program-Synthesis-for-Efficient-ML/results/hyperparameter_sweep/quality_joint/raw/mxint8_mul_combined_t60_i15_r01.log
mxint8_mul_combined,mxint8_mul,full_product_combined,60,15,2,0,solved,solved,True,9,15,15,5.940553760156035,2.7352461349219084,1267297,121,76.05906081199646,1043,27,0,0,-1.0,0.6395000000000001,17.957916791992186,224.0,/home/josephluke/Program-Synthesis-for-Efficient-ML/results/hyperparameter_sweep/quality_joint/raw/mxint8_mul_combined_t60_i15_r02.json,/home/josephluke/Program-Synthesis-for-Efficient-ML/results/hyperparameter_sweep/quality_joint/raw/mxint8_mul_combined_t60_i15_r02.log
mxint8_mul_combined,mxint8_mul,full_product_combined,60,15,3,0,solved,solved,True,6,15,15,103.90705119818449,42.891337594017386,17911854,7229980,174.01623487472534,1044,26,0,0,-1.0,0.8589,6.8198025,128.0,/home/josephluke/Program-Synthesis-for-Efficient-ML/results/hyperparameter_sweep/quality_joint/raw/mxint8_mul_combined_t60_i15_r03.json,/home/josephluke/Program-Synthesis-for-Efficient-ML/results/hyperparameter_sweep/quality_joint/raw/mxint8_mul_combined_t60_i15_r03.log
mxint8_mul_combined,mxint8_mul,full_product_combined,60,30,1,0,solved,solved,True,17,30,30,133.10791664011776,19.610953165218234,20391257,2819812,203.29682683944702,1042,26,0,0,-1.0,0.8622,6.703409750976562,128.0,/home/josephluke/Program-Synthesis-for-Efficient-ML/results/hyperparameter_sweep/quality_joint/raw/mxint8_mul_combined_t60_i30_r01.json,/home/josephluke/Program-Synthesis-for-Efficient-ML/results/hyperparameter_sweep/quality_joint/raw/mxint8_mul_combined_t60_i30_r01.log
mxint8_mul_combined,mxint8_mul,full_product_combined,60,30,2,0,solved,solved,True,20,30,30,22.82274441793561,5.3258974719792604,4669107,152,93.116872549057,1043,27,0,0,-1.0,0.639,18.041732705078125,224.0,/home/josephluke/Program-Synthesis-for-Efficient-ML/results/hyperparameter_sweep/quality_joint/raw/mxint8_mul_combined_t60_i30_r02.json,/home/josephluke/Program-Synthesis-for-Efficient-ML/results/hyperparameter_sweep/quality_joint/raw/mxint8_mul_combined_t60_i30_r02.log
mxint8_mul_combined,mxint8_mul,full_product_combined,60,30,3,0,solved,solved,True,12,30,30,476.803452571854,60.061864007264376,67671876,6636486,546.6179029941559,1044,26,0,0,-1.0,0.8591,6.765560776367187,128.0,/home/josephluke/Program-Synthesis-for-Efficient-ML/results/hyperparameter_sweep/quality_joint/raw/mxint8_mul_combined_t60_i30_r03.json,/home/josephluke/Program-Synthesis-for-Efficient-ML/results/hyperparameter_sweep/quality_joint/raw/mxint8_mul_combined_t60_i30_r03.log
mxint8_mul_combined,mxint8_mul,full_product_combined,300,5,1,0,solved,solved,True,4,5,5,0.11122054047882557,0.03664236329495907,3025,41,70.1713194847107,1042,26,0,0,-1.0,0.8599,6.80629521484375,128.0,/home/josephluke/Program-Synthesis-for-Efficient-ML/results/hyperparameter_sweep/quality_joint/raw/mxint8_mul_combined_t300_i5_r01.json,/home/josephluke/Program-Synthesis-for-Efficient-ML/results/hyperparameter_sweep/quality_joint/raw/mxint8_mul_combined_t300_i5_r01.log
mxint8_mul_combined,mxint8_mul,full_product_combined,300,5,2,0,solved,solved,True,3,5,5,0.13303705863654613,0.037161605432629585,5709,121,69.89271545410156,1043,27,0,0,-1.0,0.6404000000000001,17.852737436523437,224.0,/home/josephluke/Program-Synthesis-for-Efficient-ML/results/hyperparameter_sweep/quality_joint/raw/mxint8_mul_combined_t300_i5_r02.json,/home/josephluke/Program-Synthesis-for-Efficient-ML/results/hyperparameter_sweep/quality_joint/raw/mxint8_mul_combined_t300_i5_r02.log
mxint8_mul_combined,mxint8_mul,full_product_combined,300,5,3,0,solved,solved,True,1,5,5,0.3775986172258854,0.1101853996515274,62351,20272,70.33186745643616,1044,26,0,0,-1.0,0.8578,6.845467788085937,128.0,/home/josephluke/Program-Synthesis-for-Efficient-ML/results/hyperparameter_sweep/quality_joint/raw/mxint8_mul_combined_t300_i5_r03.json,/home/josephluke/Program-Synthesis-for-Efficient-ML/results/hyperparameter_sweep/quality_joint/raw/mxint8_mul_combined_t300_i5_r03.log
mxint8_mul_combined,mxint8_mul,full_product_combined,300,15,1,0,solved,solved,True,9,15,15,20.874512122943997,5.841323966160417,3600842,273315,90.77422714233398,1042,26,0,0,-1.0,0.8582,6.83406720703125,128.0,/home/josephluke/Program-Synthesis-for-Efficient-ML/results/hyperparameter_sweep/quality_joint/raw/mxint8_mul_combined_t300_i15_r01.json,/home/josephluke/Program-Synthesis-for-Efficient-ML/results/hyperparameter_sweep/quality_joint/raw/mxint8_mul_combined_t300_i15_r01.log
mxint8_mul_combined,mxint8_mul,full_product_combined,300,15,2,0,solved,solved,True,9,15,15,5.929085697978735,2.725479517132044,1267297,121,76.01621198654175,1043,27,0,0,-1.0,0.6389,18.0606198046875,224.0,/home/josephluke/Program-Synthesis-for-Efficient-ML/results/hyperparameter_sweep/quality_joint/raw/mxint8_mul_combined_t300_i15_r02.json,/home/josephluke/Program-Synthesis-for-Efficient-ML/results/hyperparameter_sweep/quality_joint/raw/mxint8_mul_combined_t300_i15_r02.log
mxint8_mul_combined,mxint8_mul,full_product_combined,300,15,3,0,solved,solved,True,6,15,15,103.8505897577852,43.32698276638985,17911854,7229980,174.00281381607056,1044,26,0,0,-1.0,0.8588,6.883943212890625,128.0,/home/josephluke/Program-Synthesis-for-Efficient-ML/results/hyperparameter_sweep/quality_joint/raw/mxint8_mul_combined_t300_i15_r03.json,/home/josephluke/Program-Synthesis-for-Efficient-ML/results/hyperparameter_sweep/quality_joint/raw/mxint8_mul_combined_t300_i15_r03.log
mxint8_mul_combined,mxint8_mul,full_product_combined,300,30,1,0,solved,solved,True,17,30,30,132.6605372019112,19.807596303522587,20391257,2819812,202.6996717453003,1042,26,0,0,-1.0,0.8598,6.784383486328125,128.0,/home/josephluke/Program-Synthesis-for-Efficient-ML/results/hyperparameter_sweep/quality_joint/raw/mxint8_mul_combined_t300_i30_r01.json,/home/josephluke/Program-Synthesis-for-Efficient-ML/results/hyperparameter_sweep/quality_joint/raw/mxint8_mul_combined_t300_i30_r01.log
mxint8_mul_combined,mxint8_mul,full_product_combined,300,30,2,0,solved,solved,True,20,30,30,22.703411124646664,5.303975719958544,4669107,152,92.46880745887756,1043,27,0,0,-1.0,0.6383,18.016109638671875,224.0,/home/josephluke/Program-Synthesis-for-Efficient-ML/results/hyperparameter_sweep/quality_joint/raw/mxint8_mul_combined_t300_i30_r02.json,/home/josephluke/Program-Synthesis-for-Efficient-ML/results/hyperparameter_sweep/quality_joint/raw/mxint8_mul_combined_t300_i30_r02.log
mxint8_mul_combined,mxint8_mul,full_product_combined,300,30,3,0,solved,solved,True,12,30,30,466.5331348031759,61.57700226455927,76970941,6636486,534.8727006912231,1044,26,0,0,-1.0,0.8597,6.789210322265625,128.0,/home/josephluke/Program-Synthesis-for-Efficient-ML/results/hyperparameter_sweep/quality_joint/raw/mxint8_mul_combined_t300_i30_r03.json,/home/josephluke/Program-Synthesis-for-Efficient-ML/results/hyperparameter_sweep/quality_joint/raw/mxint8_mul_combined_t300_i30_r03.log
fp32_add_combined,fp32_add,full_sum_combined,10,5,1,0,solved,solved,True,1,5,5,2.67054452188313,2.4518596529960632,64650,582,50.159313917160034,2042,116,0,0,-1.0,0.0374,-1.0,-1.0,/home/josephluke/Program-Synthesis-for-Efficient-ML/results/hyperparameter_sweep/quality_joint/raw/fp32_add_combined_t10_i5_r01.json,/home/josephluke/Program-Synthesis-for-Efficient-ML/results/hyperparameter_sweep/quality_joint/raw/fp32_add_combined_t10_i5_r01.log
fp32_add_combined,fp32_add,full_sum_combined,10,5,2,0,solved,solved,True,1,5,5,2.671038307249546,2.452398605644703,64650,582,50.258729457855225,2043,116,0,0,-1.0,0.0374,-1.0,-1.0,/home/josephluke/Program-Synthesis-for-Efficient-ML/results/hyperparameter_sweep/quality_joint/raw/fp32_add_combined_t10_i5_r02.json,/home/josephluke/Program-Synthesis-for-Efficient-ML/results/hyperparameter_sweep/quality_joint/raw/fp32_add_combined_t10_i5_r02.log
fp32_add_combined,fp32_add,full_sum_combined,10,5,3,0,solved,solved,True,1,5,5,2.706158382818103,2.4869152922183275,64650,582,50.27562761306763,2044,116,0,0,-1.0,0.0374,-1.0,-1.0,/home/josephluke/Program-Synthesis-for-Efficient-ML/results/hyperparameter_sweep/quality_joint/raw/fp32_add_combined_t10_i5_r03.json,/home/josephluke/Program-Synthesis-for-Efficient-ML/results/hyperparameter_sweep/quality_joint/raw/fp32_add_combined_t10_i5_r03.log
fp32_add_combined,fp32_add,full_sum_combined,10,15,1,0,solved,solved,True,7,15,15,14.921535439789295,10.015430575236678,80677,2679,64.24794888496399,2042,402,0,0,-1.0,0.1825,-1.0,-1.0,/home/josephluke/Program-Synthesis-for-Efficient-ML/results/hyperparameter_sweep/quality_joint/raw/fp32_add_combined_t10_i15_r01.json,/home/josephluke/Program-Synthesis-for-Efficient-ML/results/hyperparameter_sweep/quality_joint/raw/fp32_add_combined_t10_i15_r01.log
fp32_add_combined,fp32_add,full_sum_combined,10,15,2,0,solved,solved,True,6,15,15,24.78306769952178,10.016460809856653,80779,5604,74.32015299797058,2043,726,0,0,-1.0,0.2759,-1.0,-1.0,/home/josephluke/Program-Synthesis-for-Efficient-ML/results/hyperparameter_sweep/quality_joint/raw/fp32_add_combined_t10_i15_r02.json,/home/josephluke/Program-Synthesis-for-Efficient-ML/results/hyperparameter_sweep/quality_joint/raw/fp32_add_combined_t10_i15_r02.log
fp32_add_combined,fp32_add,full_sum_combined,10,15,3,0,solved,solved,True,6,15,15,23.894184859469533,10.016284121200442,77800,2625,72.75552439689636,2044,402,0,0,-1.0,0.1825,-1.0,-1.0,/home/josephluke/Program-Synthesis-for-Efficient-ML/results/hyperparameter_sweep/quality_joint/raw/fp32_add_combined_t10_i15_r03.json,/home/josephluke/Program-Synthesis-for-Efficient-ML/results/hyperparameter_sweep/quality_joint/raw/fp32_add_combined_t10_i15_r03.log
fp32_add_combined,fp32_add,full_sum_combined,10,30,1,0,solved,solved,True,10,30,30,157.63527758419514,10.018624817952514,297207,73088,207.29874181747437,2042,734,0,0,-1.0,0.4454,-1.0,-1.0,/home/josephluke/Program-Synthesis-for-Efficient-ML/results/hyperparameter_sweep/quality_joint/raw/fp32_add_combined_t10_i30_r01.json,/home/josephluke/Program-Synthesis-for-Efficient-ML/results/hyperparameter_sweep/quality_joint/raw/fp32_add_combined_t10_i30_r01.log
fp32_add_combined,fp32_add,full_sum_combined,10,30,2,0,solved,solved,True,9,30,30,172.7678132019937,10.018261881545186,379227,101012,222.5635461807251,2043,734,0,0,-1.0,0.4407,-1.0,-1.0,/home/josephluke/Program-Synthesis-for-Efficient-ML/results/hyperparameter_sweep/quality_joint/raw/fp32_add_combined_t10_i30_r02.json,/home/josephluke/Program-Synthesis-for-Efficient-ML/results/hyperparameter_sweep/quality_joint/raw/fp32_add_combined_t10_i30_r02.log
fp32_add_combined,fp32_add,full_sum_combined,10,30,3,0,solved,solved,True,10,30,30,164.253774786368,10.018459903076291,370734,74912,214.0501618385315,2044,734,0,0,-1.0,0.4407,-1.0,-1.0,/home/josephluke/Program-Synthesis-for-Efficient-ML/results/hyperparameter_sweep/quality_joint/raw/fp32_add_combined_t10_i30_r03.json,/home/josephluke/Program-Synthesis-for-Efficient-ML/results/hyperparameter_sweep/quality_joint/raw/fp32_add_combined_t10_i30_r03.log
fp32_add_combined,fp32_add,full_sum_combined,60,5,1,0,solved,solved,True,1,5,5,2.671017251908779,2.452541723847389,64650,582,50.294336795806885,2042,116,0,0,-1.0,0.0374,-1.0,-1.0,/home/josephluke/Program-Synthesis-for-Efficient-ML/results/hyperparameter_sweep/quality_joint/raw/fp32_add_combined_t60_i5_r01.json,/home/josephluke/Program-Synthesis-for-Efficient-ML/results/hyperparameter_sweep/quality_joint/raw/fp32_add_combined_t60_i5_r01.log
fp32_add_combined,fp32_add,full_sum_combined,60,5,2,0,solved,solved,True,1,5,5,2.6589161567389965,2.4414217248559,64650,582,50.18868827819824,2043,116,0,0,-1.0,0.0374,-1.0,-1.0,/home/josephluke/Program-Synthesis-for-Efficient-ML/results/hyperparameter_sweep/quality_joint/raw/fp32_add_combined_t60_i5_r02.json,/home/josephluke/Program-Synthesis-for-Efficient-ML/results/hyperparameter_sweep/quality_joint/raw/fp32_add_combined_t60_i5_r02.log
fp32_add_combined,fp32_add,full_sum_combined,60,5,3,0,solved,solved,True,1,5,5,2.6629430446773767,2.4455976504832506,64650,582,50.23175024986267,2044,116,0,0,-1.0,0.0374,-1.0,-1.0,/home/josephluke/Program-Synthesis-for-Efficient-ML/results/hyperparameter_sweep/quality_joint/raw/fp32_add_combined_t60_i5_r03.json,/home/josephluke/Program-Synthesis-for-Efficient-ML/results/hyperparameter_sweep/quality_joint/raw/fp32_add_combined_t60_i5_r03.log
fp32_add_combined,fp32_add,full_sum_combined,60,15,1,0,solved,solved,True,7,15,15,18.704190323129296,13.829716369509697,642991,2679,67.7825608253479,2042,402,0,0,-1.0,0.1825,-1.0,-1.0,/home/josephluke/Program-Synthesis-for-Efficient-ML/results/hyperparameter_sweep/quality_joint/raw/fp32_add_combined_t60_i15_r01.json,/home/josephluke/Program-Synthesis-for-Efficient-ML/results/hyperparameter_sweep/quality_joint/raw/fp32_add_combined_t60_i15_r01.log
fp32_add_combined,fp32_add,full_sum_combined,60,15,2,0,solved,solved,True,6,15,15,78.55668139085174,60.07935634255409,643093,5604,128.36907696723938,2043,726,0,0,-1.0,0.2759,-1.0,-1.0,/home/josephluke/Program-Synthesis-for-Efficient-ML/results/hyperparameter_sweep/quality_joint/raw/fp32_add_combined_t60_i15_r02.json,/home/josephluke/Program-Synthesis-for-Efficient-ML/results/hyperparameter_sweep/quality_joint/raw/fp32_add_combined_t60_i15_r02.log
fp32_add_combined,fp32_add,full_sum_combined,60,15,3,0,solved,solved,True,6,15,15,77.88914157822728,60.078685611486435,640114,2625,126.91898322105408,2044,402,0,0,-1.0,0.1825,-1.0,-1.0,/home/josephluke/Program-Synthesis-for-Efficient-ML/results/hyperparameter_sweep/quality_joint/raw/fp32_add_combined_t60_i15_r03.json,/home/josephluke/Program-Synthesis-for-Efficient-ML/results/hyperparameter_sweep/quality_joint/raw/fp32_add_combined_t60_i15_r03.log
fp32_add_combined,fp32_add,full_sum_combined,60,30,1,0,solved,solved,True,12,30,30,734.6720762811601,60.082889476791024,2583083,1037580,784.3015236854553,2042,627,0,0,-1.0,0.5045000000000001,-1.0,-1.0,/home/josephluke/Program-Synthesis-for-Efficient-ML/results/hyperparameter_sweep/quality_joint/raw/fp32_add_combined_t60_i30_r01.json,/home/josephluke/Program-Synthesis-for-Efficient-ML/results/hyperparameter_sweep/quality_joint/raw/fp32_add_combined_t60_i30_r01.log
fp32_add_combined,fp32_add,full_sum_combined,60,30,2,0,solved,solved,True,11,30,30,731.1092545725405,60.083371467888355,1154905,108815,781.0892863273621,2043,734,0,0,-1.0,0.4407,-1.0,-1.0,/home/josephluke/Program-Synthesis-for-Efficient-ML/results/hyperparameter_sweep/quality_joint/raw/fp32_add_combined_t60_i30_r02.json,/home/josephluke/Program-Synthesis-for-Efficient-ML/results/hyperparameter_sweep/quality_joint/raw/fp32_add_combined_t60_i30_r02.log
fp32_add_combined,fp32_add,full_sum_combined,60,30,3,0,solved,solved,True,13,30,30,628.4395016301423,60.08229126036167,1275734,105664,678.1993799209595,2044,734,0,0,-1.0,0.4407,-1.0,-1.0,/home/josephluke/Program-Synthesis-for-Efficient-ML/results/hyperparameter_sweep/quality_joint/raw/fp32_add_combined_t60_i30_r03.json,/home/josephluke/Program-Synthesis-for-Efficient-ML/results/hyperparameter_sweep/quality_joint/raw/fp32_add_combined_t60_i30_r03.log
fp32_add_combined,fp32_add,full_sum_combined,300,5,1,0,solved,solved,True,1,5,5,2.670918371528387,2.4508663285523653,64650,582,50.25906491279602,2042,116,0,0,-1.0,0.0374,-1.0,-1.0,/home/josephluke/Program-Synthesis-for-Efficient-ML/results/hyperparameter_sweep/quality_joint/raw/fp32_add_combined_t300_i5_r01.json,/home/josephluke/Program-Synthesis-for-Efficient-ML/results/hyperparameter_sweep/quality_joint/raw/fp32_add_combined_t300_i5_r01.log
fp32_add_combined,fp32_add,full_sum_combined,300,5,2,0,solved,solved,True,1,5,5,2.7009058482944965,2.482940277084708,64650,582,50.21037936210632,2043,116,0,0,-1.0,0.0374,-1.0,-1.0,/home/josephluke/Program-Synthesis-for-Efficient-ML/results/hyperparameter_sweep/quality_joint/raw/fp32_add_combined_t300_i5_r02.json,/home/josephluke/Program-Synthesis-for-Efficient-ML/results/hyperparameter_sweep/quality_joint/raw/fp32_add_combined_t300_i5_r02.log
fp32_add_combined,fp32_add,full_sum_combined,300,5,3,0,solved,solved,True,1,5,5,2.675099480897188,2.4569064043462276,64650,582,50.2483286857605,2044,116,0,0,-1.0,0.0374,-1.0,-1.0,/home/josephluke/Program-Synthesis-for-Efficient-ML/results/hyperparameter_sweep/quality_joint/raw/fp32_add_combined_t300_i5_r03.json,/home/josephluke/Program-Synthesis-for-Efficient-ML/results/hyperparameter_sweep/quality_joint/raw/fp32_add_combined_t300_i5_r03.log
fp32_add_combined,fp32_add,full_sum_combined,300,15,1,0,solved,solved,True,7,15,15,18.759239204227924,13.898701662197709,642991,2679,67.93177628517151,2042,402,0,0,-1.0,0.1825,-1.0,-1.0,/home/josephluke/Program-Synthesis-for-Efficient-ML/results/hyperparameter_sweep/quality_joint/raw/fp32_add_combined_t300_i15_r01.json,/home/josephluke/Program-Synthesis-for-Efficient-ML/results/hyperparameter_sweep/quality_joint/raw/fp32_add_combined_t300_i15_r01.log
fp32_add_combined,fp32_add,full_sum_combined,300,15,2,0,solved,solved,True,6,15,15,318.6952524911612,300.1671677622944,643093,5604,368.3736844062805,2043,726,0,0,-1.0,0.2759,-1.0,-1.0,/home/josephluke/Program-Synthesis-for-Efficient-ML/results/hyperparameter_sweep/quality_joint/raw/fp32_add_combined_t300_i15_r02.json,/home/josephluke/Program-Synthesis-for-Efficient-ML/results/hyperparameter_sweep/quality_joint/raw/fp32_add_combined_t300_i15_r02.log
fp32_add_combined,fp32_add,full_sum_combined,300,15,3,0,solved,solved,True,6,15,15,317.9553238041699,300.16349310055375,640114,2625,366.6843852996826,2044,402,0,0,-1.0,0.1825,-1.0,-1.0,/home/josephluke/Program-Synthesis-for-Efficient-ML/results/hyperparameter_sweep/quality_joint/raw/fp32_add_combined_t300_i15_r03.json,/home/josephluke/Program-Synthesis-for-Efficient-ML/results/hyperparameter_sweep/quality_joint/raw/fp32_add_combined_t300_i15_r03.log
fp32_add_combined,fp32_add,full_sum_combined,300,30,1,0,solved,solved,True,12,30,30,3133.9855501912534,300.17639070004225,2583083,1037580,3183.7569403648376,2042,627,0,0,-1.0,0.5045000000000001,-1.0,-1.0,/home/josephluke/Program-Synthesis-for-Efficient-ML/results/hyperparameter_sweep/quality_joint/raw/fp32_add_combined_t300_i30_r01.json,/home/josephluke/Program-Synthesis-for-Efficient-ML/results/hyperparameter_sweep/quality_joint/raw/fp32_add_combined_t300_i30_r01.log
fp32_add_combined,fp32_add,full_sum_combined,300,30,2,0,solved,solved,True,12,30,30,3133.8392851818353,300.17872935533524,2208006,1053101,3183.657948732376,2043,627,0,0,-1.0,0.5045000000000001,-1.0,-1.0,/home/josephluke/Program-Synthesis-for-Efficient-ML/results/hyperparameter_sweep/quality_joint/raw/fp32_add_combined_t300_i30_r02.json,/home/josephluke/Program-Synthesis-for-Efficient-ML/results/hyperparameter_sweep/quality_joint/raw/fp32_add_combined_t300_i30_r02.log
fp32_add_combined,fp32_add,full_sum_combined,300,30,3,0,solved,solved,True,13,30,30,2789.0058469753712,300.1736228391528,1275734,105664,2838.686765193939,2044,734,0,0,-1.0,0.4407,-1.0,-1.0,/home/josephluke/Program-Synthesis-for-Efficient-ML/results/hyperparameter_sweep/quality_joint/raw/fp32_add_combined_t300_i30_r03.json,/home/josephluke/Program-Synthesis-for-Efficient-ML/results/hyperparameter_sweep/quality_joint/raw/fp32_add_combined_t300_i30_r03.log
fp32_mul_combined,fp32_mul,full_product_combined,10,5,1,0,solved,solved,True,5,5,5,0.1908995658159256,0.03890225104987621,256,68,45.26568412780762,3042,87,0,2,-1.0,0.9046,-1.0,-1.0,/home/josephluke/Program-Synthesis-for-Efficient-ML/results/hyperparameter_sweep/quality_joint/raw/fp32_mul_combined_t10_i5_r01.json,/home/josephluke/Program-Synthesis-for-Efficient-ML/results/hyperparameter_sweep/quality_joint/raw/fp32_mul_combined_t10_i5_r01.log
fp32_mul_combined,fp32_mul,full_product_combined,10,5,2,0,solved,solved,True,5,5,5,0.19085285067558289,0.038525665178895,256,68,45.324928760528564,3043,87,0,2,-1.0,0.9046,-1.0,-1.0,/home/josephluke/Program-Synthesis-for-Efficient-ML/results/hyperparameter_sweep/quality_joint/raw/fp32_mul_combined_t10_i5_r02.json,/home/josephluke/Program-Synthesis-for-Efficient-ML/results/hyperparameter_sweep/quality_joint/raw/fp32_mul_combined_t10_i5_r02.log
fp32_mul_combined,fp32_mul,full_product_combined,10,5,3,0,solved,solved,True,5,5,5,0.1901622675359249,0.03862331062555313,256,68,45.21708917617798,3044,87,0,2,-1.0,0.9046,-1.0,-1.0,/home/josephluke/Program-Synthesis-for-Efficient-ML/results/hyperparameter_sweep/quality_joint/raw/fp32_mul_combined_t10_i5_r03.json,/home/josephluke/Program-Synthesis-for-Efficient-ML/results/hyperparameter_sweep/quality_joint/raw/fp32_mul_combined_t10_i5_r03.log
fp32_mul_combined,fp32_mul,full_product_combined,10,15,1,0,solved,solved,True,15,15,15,0.7264913488179445,0.06067788042128086,3929,409,45.906651735305786,3042,140,0,2,-1.0,0.9046,-1.0,-1.0,/home/josephluke/Program-Synthesis-for-Efficient-ML/results/hyperparameter_sweep/quality_joint/raw/fp32_mul_combined_t10_i15_r01.json,/home/josephluke/Program-Synthesis-for-Efficient-ML/results/hyperparameter_sweep/quality_joint/raw/fp32_mul_combined_t10_i15_r01.log
fp32_mul_combined,fp32_mul,full_product_combined,10,15,2,0,solved,solved,True,15,15,15,0.7074743323028088,0.06153668649494648,3427,424,46.1302387714386,3043,140,0,2,-1.0,0.9046,-1.0,-1.0,/home/josephluke/Program-Synthesis-for-Efficient-ML/results/hyperparameter_sweep/quality_joint/raw/fp32_mul_combined_t10_i15_r02.json,/home/josephluke/Program-Synthesis-for-Efficient-ML/results/hyperparameter_sweep/quality_joint/raw/fp32_mul_combined_t10_i15_r02.log
fp32_mul_combined,fp32_mul,full_product_combined,10,15,3,0,solved,solved,True,15,15,15,0.7232741061598063,0.061232948675751686,3664,395,45.94285869598389,3044,140,0,2,-1.0,0.9046,-1.0,-1.0,/home/josephluke/Program-Synthesis-for-Efficient-ML/results/hyperparameter_sweep/quality_joint/raw/fp32_mul_combined_t10_i15_r03.json,/home/josephluke/Program-Synthesis-for-Efficient-ML/results/hyperparameter_sweep/quality_joint/raw/fp32_mul_combined_t10_i15_r03.log
fp32_mul_combined,fp32_mul,full_product_combined,10,30,1,0,solved,solved,True,30,30,30,1.842481853440404,0.08438489399850368,10456,437,47.04113745689392,3042,140,0,2,-1.0,0.9046,-1.0,-1.0,/home/josephluke/Program-Synthesis-for-Efficient-ML/results/hyperparameter_sweep/quality_joint/raw/fp32_mul_combined_t10_i30_r01.json,/home/josephluke/Program-Synthesis-for-Efficient-ML/results/hyperparameter_sweep/quality_joint/raw/fp32_mul_combined_t10_i30_r01.log
fp32_mul_combined,fp32_mul,full_product_combined,10,30,2,0,solved,solved,True,30,30,30,1.8134786561131477,0.08323678188025951,9956,437,46.91398644447327,3043,140,0,2,-1.0,0.9046,-1.0,-1.0,/home/josephluke/Program-Synthesis-for-Efficient-ML/results/hyperparameter_sweep/quality_joint/raw/fp32_mul_combined_t10_i30_r02.json,/home/josephluke/Program-Synthesis-for-Efficient-ML/results/hyperparameter_sweep/quality_joint/raw/fp32_mul_combined_t10_i30_r02.log
fp32_mul_combined,fp32_mul,full_product_combined,10,30,3,0,solved,solved,True,30,30,30,1.822836671024561,0.08228177204728127,10149,437,47.00101351737976,3044,140,0,2,-1.0,0.9046,-1.0,-1.0,/home/josephluke/Program-Synthesis-for-Efficient-ML/results/hyperparameter_sweep/quality_joint/raw/fp32_mul_combined_t10_i30_r03.json,/home/josephluke/Program-Synthesis-for-Efficient-ML/results/hyperparameter_sweep/quality_joint/raw/fp32_mul_combined_t10_i30_r03.log
fp32_mul_combined,fp32_mul,full_product_combined,60,5,1,0,solved,solved,True,5,5,5,0.19088895618915558,0.03878353349864483,256,68,45.239970445632935,3042,87,0,2,-1.0,0.9046,-1.0,-1.0,/home/josephluke/Program-Synthesis-for-Efficient-ML/results/hyperparameter_sweep/quality_joint/raw/fp32_mul_combined_t60_i5_r01.json,/home/josephluke/Program-Synthesis-for-Efficient-ML/results/hyperparameter_sweep/quality_joint/raw/fp32_mul_combined_t60_i5_r01.log
fp32_mul_combined,fp32_mul,full_product_combined,60,5,2,0,solved,solved,True,5,5,5,0.1916078794747591,0.0391980092972517,256,68,45.23242950439453,3043,87,0,2,-1.0,0.9046,-1.0,-1.0,/home/josephluke/Program-Synthesis-for-Efficient-ML/results/hyperparameter_sweep/quality_joint/raw/fp32_mul_combined_t60_i5_r02.json,/home/josephluke/Program-Synthesis-for-Efficient-ML/results/hyperparameter_sweep/quality_joint/raw/fp32_mul_combined_t60_i5_r02.log
fp32_mul_combined,fp32_mul,full_product_combined,60,5,3,0,solved,solved,True,5,5,5,0.19086660631000996,0.039000071585178375,256,68,45.12070393562317,3044,87,0,2,-1.0,0.9046,-1.0,-1.0,/home/josephluke/Program-Synthesis-for-Efficient-ML/results/hyperparameter_sweep/quality_joint/raw/fp32_mul_combined_t60_i5_r03.json,/home/josephluke/Program-Synthesis-for-Efficient-ML/results/hyperparameter_sweep/quality_joint/raw/fp32_mul_combined_t60_i5_r03.log
fp32_mul_combined,fp32_mul,full_product_combined,60,15,1,0,solved,solved,True,15,15,15,0.724655669182539,0.06094755791127682,3929,409,45.87838578224182,3042,140,0,2,-1.0,0.9046,-1.0,-1.0,/home/josephluke/Program-Synthesis-for-Efficient-ML/results/hyperparameter_sweep/quality_joint/raw/fp32_mul_combined_t60_i15_r01.json,/home/josephluke/Program-Synthesis-for-Efficient-ML/results/hyperparameter_sweep/quality_joint/raw/fp32_mul_combined_t60_i15_r01.log
fp32_mul_combined,fp32_mul,full_product_combined,60,15,2,0,solved,solved,True,15,15,15,0.7072448767721653,0.061752840876579285,3427,424,45.80496287345886,3043,140,0,2,-1.0,0.9046,-1.0,-1.0,/home/josephluke/Program-Synthesis-for-Efficient-ML/results/hyperparameter_sweep/quality_joint/raw/fp32_mul_combined_t60_i15_r02.json,/home/josephluke/Program-Synthesis-for-Efficient-ML/results/hyperparameter_sweep/quality_joint/raw/fp32_mul_combined_t60_i15_r02.log
fp32_mul_combined,fp32_mul,full_product_combined,60,15,3,0,solved,solved,True,15,15,15,0.718433566391468,0.060921575874090195,3664,395,45.85724592208862,3044,140,0,2,-1.0,0.9046,-1.0,-1.0,/home/josephluke/Program-Synthesis-for-Efficient-ML/results/hyperparameter_sweep/quality_joint/raw/fp32_mul_combined_t60_i15_r03.json,/home/josephluke/Program-Synthesis-for-Efficient-ML/results/hyperparameter_sweep/quality_joint/raw/fp32_mul_combined_t60_i15_r03.log
fp32_mul_combined,fp32_mul,full_product_combined,60,30,1,0,solved,solved,True,30,30,30,1.8327034693211317,0.08406073227524757,10456,437,46.96352028846741,3042,140,0,2,-1.0,0.9046,-1.0,-1.0,/home/josephluke/Program-Synthesis-for-Efficient-ML/results/hyperparameter_sweep/quality_joint/raw/fp32_mul_combined_t60_i30_r01.json,/home/josephluke/Program-Synthesis-for-Efficient-ML/results/hyperparameter_sweep/quality_joint/raw/fp32_mul_combined_t60_i30_r01.log
fp32_mul_combined,fp32_mul,full_product_combined,60,30,2,0,solved,solved,True,30,30,30,1.8125507403165102,0.08322138898074627,9956,437,46.99881601333618,3043,140,0,2,-1.0,0.9046,-1.0,-1.0,/home/josephluke/Program-Synthesis-for-Efficient-ML/results/hyperparameter_sweep/quality_joint/raw/fp32_mul_combined_t60_i30_r02.json,/home/josephluke/Program-Synthesis-for-Efficient-ML/results/hyperparameter_sweep/quality_joint/raw/fp32_mul_combined_t60_i30_r02.log
fp32_mul_combined,fp32_mul,full_product_combined,60,30,3,0,solved,solved,True,30,30,30,1.8219318110495806,0.08505010418593884,10149,437,47.07672905921936,3044,140,0,2,-1.0,0.9046,-1.0,-1.0,/home/josephluke/Program-Synthesis-for-Efficient-ML/results/hyperparameter_sweep/quality_joint/raw/fp32_mul_combined_t60_i30_r03.json,/home/josephluke/Program-Synthesis-for-Efficient-ML/results/hyperparameter_sweep/quality_joint/raw/fp32_mul_combined_t60_i30_r03.log
fp32_mul_combined,fp32_mul,full_product_combined,300,5,1,0,solved,solved,True,5,5,5,0.19077065587043762,0.038660166785120964,256,68,45.255635023117065,3042,87,0,2,-1.0,0.9046,-1.0,-1.0,/home/josephluke/Program-Synthesis-for-Efficient-ML/results/hyperparameter_sweep/quality_joint/raw/fp32_mul_combined_t300_i5_r01.json,/home/josephluke/Program-Synthesis-for-Efficient-ML/results/hyperparameter_sweep/quality_joint/raw/fp32_mul_combined_t300_i5_r01.log
fp32_mul_combined,fp32_mul,full_product_combined,300,5,2,0,solved,solved,True,5,5,5,0.19058035127818584,0.03863229416310787,256,68,45.24646234512329,3043,87,0,2,-1.0,0.9046,-1.0,-1.0,/home/josephluke/Program-Synthesis-for-Efficient-ML/results/hyperparameter_sweep/quality_joint/raw/fp32_mul_combined_t300_i5_r02.json,/home/josephluke/Program-Synthesis-for-Efficient-ML/results/hyperparameter_sweep/quality_joint/raw/fp32_mul_combined_t300_i5_r02.log
fp32_mul_combined,fp32_mul,full_product_combined,300,5,3,0,solved,solved,True,5,5,5,0.1915548462420702,0.03898552618920803,256,68,45.15128207206726,3044,87,0,2,-1.0,0.9046,-1.0,-1.0,/home/josephluke/Program-Synthesis-for-Efficient-ML/results/hyperparameter_sweep/quality_joint/raw/fp32_mul_combined_t300_i5_r03.json,/home/josephluke/Program-Synthesis-for-Efficient-ML/results/hyperparameter_sweep/quality_joint/raw/fp32_mul_combined_t300_i5_r03.log
fp32_mul_combined,fp32_mul,full_product_combined,300,15,1,0,solved,solved,True,15,15,15,0.7268491722643375,0.06092045083642006,3929,409,45.919031858444214,3042,140,0,2,-1.0,0.9046,-1.0,-1.0,/home/josephluke/Program-Synthesis-for-Efficient-ML/results/hyperparameter_sweep/quality_joint/raw/fp32_mul_combined_t300_i15_r01.json,/home/josephluke/Program-Synthesis-for-Efficient-ML/results/hyperparameter_sweep/quality_joint/raw/fp32_mul_combined_t300_i15_r01.log
fp32_mul_combined,fp32_mul,full_product_combined,300,15,2,0,solved,solved,True,15,15,15,0.7072770148515701,0.06130933575332165,3427,424,45.867637157440186,3043,140,0,2,-1.0,0.9046,-1.0,-1.0,/home/josephluke/Program-Synthesis-for-Efficient-ML/results/hyperparameter_sweep/quality_joint/raw/fp32_mul_combined_t300_i15_r02.json,/home/josephluke/Program-Synthesis-for-Efficient-ML/results/hyperparameter_sweep/quality_joint/raw/fp32_mul_combined_t300_i15_r02.log
fp32_mul_combined,fp32_mul,full_product_combined,300,15,3,0,solved,solved,True,15,15,15,0.7202334869652987,0.06003331206738949,3664,395,45.845797061920166,3044,140,0,2,-1.0,0.9046,-1.0,-1.0,/home/josephluke/Program-Synthesis-for-Efficient-ML/results/hyperparameter_sweep/quality_joint/raw/fp32_mul_combined_t300_i15_r03.json,/home/josephluke/Program-Synthesis-for-Efficient-ML/results/hyperparameter_sweep/quality_joint/raw/fp32_mul_combined_t300_i15_r03.log
fp32_mul_combined,fp32_mul,full_product_combined,300,30,1,0,solved,solved,True,30,30,30,1.8317349515855312,0.08359444513916969,10456,437,47.02347254753113,3042,140,0,2,-1.0,0.9046,-1.0,-1.0,/home/josephluke/Program-Synthesis-for-Efficient-ML/results/hyperparameter_sweep/quality_joint/raw/fp32_mul_combined_t300_i30_r01.json,/home/josephluke/Program-Synthesis-for-Efficient-ML/results/hyperparameter_sweep/quality_joint/raw/fp32_mul_combined_t300_i30_r01.log
fp32_mul_combined,fp32_mul,full_product_combined,300,30,2,0,solved,solved,True,30,30,30,1.8075834084302187,0.08340859599411488,9956,437,46.950828075408936,3043,140,0,2,-1.0,0.9046,-1.0,-1.0,/home/josephluke/Program-Synthesis-for-Efficient-ML/results/hyperparameter_sweep/quality_joint/raw/fp32_mul_combined_t300_i30_r02.json,/home/josephluke/Program-Synthesis-for-Efficient-ML/results/hyperparameter_sweep/quality_joint/raw/fp32_mul_combined_t300_i30_r02.log
fp32_mul_combined,fp32_mul,full_product_combined,300,30,3,0,solved,solved,True,30,30,30,1.8205779790878296,0.08343645744025707,10149,437,46.88599443435669,3044,140,0,2,-1.0,0.9046,-1.0,-1.0,/home/josephluke/Program-Synthesis-for-Efficient-ML/results/hyperparameter_sweep/quality_joint/raw/fp32_mul_combined_t300_i30_r03.json,/home/josephluke/Program-Synthesis-for-Efficient-ML/results/hyperparameter_sweep/quality_joint/raw/fp32_mul_combined_t300_i30_r03.log
mxint8_add_sub,mxint8_add,full_sum,10,5,1,1,started,solved,True,4,5,5,0.03486284799873829,0.00708317756652832,10,2,1.3004248142242432,4042,-1,-1,-1,-1.0,-1.0,-1.0,-1.0,/home/josephluke/Program-Synthesis-for-Efficient-ML/results/hyperparameter_sweep/quality_joint/raw/mxint8_add_sub_t10_i5_r01.json,/home/josephluke/Program-Synthesis-for-Efficient-ML/results/hyperparameter_sweep/quality_joint/raw/mxint8_add_sub_t10_i5_r01.log
mxint8_add_sub,mxint8_add,full_sum,10,5,2,1,started,solved,True,3,5,5,0.033970367163419724,0.007165092974901199,10,2,1.329664945602417,4043,-1,-1,-1,-1.0,-1.0,-1.0,-1.0,/home/josephluke/Program-Synthesis-for-Efficient-ML/results/hyperparameter_sweep/quality_joint/raw/mxint8_add_sub_t10_i5_r02.json,/home/josephluke/Program-Synthesis-for-Efficient-ML/results/hyperparameter_sweep/quality_joint/raw/mxint8_add_sub_t10_i5_r02.log
mxint8_add_sub,mxint8_add,full_sum,10,5,3,1,started,solved,True,3,5,5,0.03407983295619488,0.007130982354283333,10,2,1.2921247482299805,4044,-1,-1,-1,-1.0,-1.0,-1.0,-1.0,/home/josephluke/Program-Synthesis-for-Efficient-ML/results/hyperparameter_sweep/quality_joint/raw/mxint8_add_sub_t10_i5_r03.json,/home/josephluke/Program-Synthesis-for-Efficient-ML/results/hyperparameter_sweep/quality_joint/raw/mxint8_add_sub_t10_i5_r03.log
mxint8_add_sub,mxint8_add,full_sum,10,15,1,1,started,solved,True,13,15,15,0.10851450636982918,0.00764930434525013,30,2,2.5737786293029785,4042,-1,-1,-1,-1.0,-1.0,-1.0,-1.0,/home/josephluke/Program-Synthesis-for-Efficient-ML/results/hyperparameter_sweep/quality_joint/raw/mxint8_add_sub_t10_i15_r01.json,/home/josephluke/Program-Synthesis-for-Efficient-ML/results/hyperparameter_sweep/quality_joint/raw/mxint8_add_sub_t10_i15_r01.log
mxint8_add_sub,mxint8_add,full_sum,10,15,2,1,started,solved,True,10,15,15,0.1060350351035595,0.007587239146232605,30,2,3.0078251361846924,4043,-1,-1,-1,-1.0,-1.0,-1.0,-1.0,/home/josephluke/Program-Synthesis-for-Efficient-ML/results/hyperparameter_sweep/quality_joint/raw/mxint8_add_sub_t10_i15_r02.json,/home/josephluke/Program-Synthesis-for-Efficient-ML/results/hyperparameter_sweep/quality_joint/raw/mxint8_add_sub_t10_i15_r02.log
mxint8_add_sub,mxint8_add,full_sum,10,15,3,1,started,solved,True,12,15,15,0.1072181910276413,0.007659647613763809,30,2,2.4880151748657227,4044,-1,-1,-1,-1.0,-1.0,-1.0,-1.0,/home/josephluke/Program-Synthesis-for-Efficient-ML/results/hyperparameter_sweep/quality_joint/raw/mxint8_add_sub_t10_i15_r03.json,/home/josephluke/Program-Synthesis-for-Efficient-ML/results/hyperparameter_sweep/quality_joint/raw/mxint8_add_sub_t10_i15_r03.log
mxint8_add_sub,mxint8_add,full_sum,10,30,1,1,started,solved,True,25,30,30,0.230990469455719,0.008485712110996246,60,2,17.214205026626587,4042,-1,-1,-1,-1.0,-1.0,-1.0,-1.0,/home/josephluke/Program-Synthesis-for-Efficient-ML/results/hyperparameter_sweep/quality_joint/raw/mxint8_add_sub_t10_i30_r01.json,/home/josephluke/Program-Synthesis-for-Efficient-ML/results/hyperparameter_sweep/quality_joint/raw/mxint8_add_sub_t10_i30_r01.log
mxint8_add_sub,mxint8_add,full_sum,10,30,2,1,started,solved,True,24,30,30,0.22782911360263824,0.008355148136615753,60,2,14.745731592178345,4043,-1,-1,-1,-1.0,-1.0,-1.0,-1.0,/home/josephluke/Program-Synthesis-for-Efficient-ML/results/hyperparameter_sweep/quality_joint/raw/mxint8_add_sub_t10_i30_r02.json,/home/josephluke/Program-Synthesis-for-Efficient-ML/results/hyperparameter_sweep/quality_joint/raw/mxint8_add_sub_t10_i30_r02.log
mxint8_add_sub,mxint8_add,full_sum,10,30,3,1,started,solved,True,26,30,30,0.2273940071463585,0.0084712915122509,60,2,20.279377937316895,4044,-1,-1,-1,-1.0,-1.0,-1.0,-1.0,/home/josephluke/Program-Synthesis-for-Efficient-ML/results/hyperparameter_sweep/quality_joint/raw/mxint8_add_sub_t10_i30_r03.json,/home/josephluke/Program-Synthesis-for-Efficient-ML/results/hyperparameter_sweep/quality_joint/raw/mxint8_add_sub_t10_i30_r03.log
mxint8_add_sub,mxint8_add,full_sum,60,5,1,1,started,solved,True,4,5,5,0.03455742262303829,0.007162347435951233,10,2,1.2751498222351074,4042,-1,-1,-1,-1.0,-1.0,-1.0,-1.0,/home/josephluke/Program-Synthesis-for-Efficient-ML/results/hyperparameter_sweep/quality_joint/raw/mxint8_add_sub_t60_i5_r01.json,/home/josephluke/Program-Synthesis-for-Efficient-ML/results/hyperparameter_sweep/quality_joint/raw/mxint8_add_sub_t60_i5_r01.log
mxint8_add_sub,mxint8_add,full_sum,60,5,2,1,started,solved,True,3,5,5,0.03468806855380535,0.0072010476142168045,10,2,1.3286988735198975,4043,-1,-1,-1,-1.0,-1.0,-1.0,-1.0,/home/josephluke/Program-Synthesis-for-Efficient-ML/results/hyperparameter_sweep/quality_joint/raw/mxint8_add_sub_t60_i5_r02.json,/home/josephluke/Program-Synthesis-for-Efficient-ML/results/hyperparameter_sweep/quality_joint/raw/mxint8_add_sub_t60_i5_r02.log
mxint8_add_sub,mxint8_add,full_sum,60,5,3,1,started,solved,True,3,5,5,0.03421554155647755,0.007173065096139908,10,2,1.297339677810669,4044,-1,-1,-1,-1.0,-1.0,-1.0,-1.0,/home/josephluke/Program-Synthesis-for-Efficient-ML/results/hyperparameter_sweep/quality_joint/raw/mxint8_add_sub_t60_i5_r03.json,/home/josephluke/Program-Synthesis-for-Efficient-ML/results/hyperparameter_sweep/quality_joint/raw/mxint8_add_sub_t60_i5_r03.log
mxint8_add_sub,mxint8_add,full_sum,60,15,1,1,started,solved,True,13,15,15,0.10973696038126945,0.007797515019774437,30,2,2.5609683990478516,4042,-1,-1,-1,-1.0,-1.0,-1.0,-1.0,/home/josephluke/Program-Synthesis-for-Efficient-ML/results/hyperparameter_sweep/quality_joint/raw/mxint8_add_sub_t60_i15_r01.json,/home/josephluke/Program-Synthesis-for-Efficient-ML/results/hyperparameter_sweep/quality_joint/raw/mxint8_add_sub_t60_i15_r01.log
mxint8_add_sub,mxint8_add,full_sum,60,15,2,1,started,solved,True,10,15,15,0.10450207442045212,0.007582152262330055,30,2,2.9919707775115967,4043,-1,-1,-1,-1.0,-1.0,-1.0,-1.0,/home/josephluke/Program-Synthesis-for-Efficient-ML/results/hyperparameter_sweep/quality_joint/raw/mxint8_add_sub_t60_i15_r02.json,/home/josephluke/Program-Synthesis-for-Efficient-ML/results/hyperparameter_sweep/quality_joint/raw/mxint8_add_sub_t60_i15_r02.log
mxint8_add_sub,mxint8_add,full_sum,60,15,3,1,started,solved,True,12,15,15,0.10886618867516518,0.007657676935195923,30,2,2.4648749828338623,4044,-1,-1,-1,-1.0,-1.0,-1.0,-1.0,/home/josephluke/Program-Synthesis-for-Efficient-ML/results/hyperparameter_sweep/quality_joint/raw/mxint8_add_sub_t60_i15_r03.json,/home/josephluke/Program-Synthesis-for-Efficient-ML/results/hyperparameter_sweep/quality_joint/raw/mxint8_add_sub_t60_i15_r03.log
mxint8_add_sub,mxint8_add,full_sum,60,30,1,1,started,solved,True,25,30,30,0.23048128932714462,0.008508870378136635,60,2,17.238532781600952,4042,-1,-1,-1,-1.0,-1.0,-1.0,-1.0,/home/josephluke/Program-Synthesis-for-Efficient-ML/results/hyperparameter_sweep/quality_joint/raw/mxint8_add_sub_t60_i30_r01.json,/home/josephluke/Program-Synthesis-for-Efficient-ML/results/hyperparameter_sweep/quality_joint/raw/mxint8_add_sub_t60_i30_r01.log
mxint8_add_sub,mxint8_add,full_sum,60,30,2,1,started,solved,True,24,30,30,0.2235625796020031,0.008331311866641045,60,2,14.700048208236694,4043,-1,-1,-1,-1.0,-1.0,-1.0,-1.0,/home/josephluke/Program-Synthesis-for-Efficient-ML/results/hyperparameter_sweep/quality_joint/raw/mxint8_add_sub_t60_i30_r02.json,/home/josephluke/Program-Synthesis-for-Efficient-ML/results/hyperparameter_sweep/quality_joint/raw/mxint8_add_sub_t60_i30_r02.log
mxint8_add_sub,mxint8_add,full_sum,60,30,3,1,started,solved,True,26,30,30,0.22777746245265007,0.008772475644946098,60,2,20.364422082901,4044,-1,-1,-1,-1.0,-1.0,-1.0,-1.0,/home/josephluke/Program-Synthesis-for-Efficient-ML/results/hyperparameter_sweep/quality_joint/raw/mxint8_add_sub_t60_i30_r03.json,/home/josephluke/Program-Synthesis-for-Efficient-ML/results/hyperparameter_sweep/quality_joint/raw/mxint8_add_sub_t60_i30_r03.log
mxint8_add_sub,mxint8_add,full_sum,300,5,1,1,started,solved,True,4,5,5,0.03458612598478794,0.007150560617446899,10,2,1.2730157375335693,4042,-1,-1,-1,-1.0,-1.0,-1.0,-1.0,/home/josephluke/Program-Synthesis-for-Efficient-ML/results/hyperparameter_sweep/quality_joint/raw/mxint8_add_sub_t300_i5_r01.json,/home/josephluke/Program-Synthesis-for-Efficient-ML/results/hyperparameter_sweep/quality_joint/raw/mxint8_add_sub_t300_i5_r01.log
mxint8_add_sub,mxint8_add,full_sum,300,5,2,1,started,solved,True,3,5,5,0.03487163782119751,0.007201548665761948,10,2,1.3252081871032715,4043,-1,-1,-1,-1.0,-1.0,-1.0,-1.0,/home/josephluke/Program-Synthesis-for-Efficient-ML/results/hyperparameter_sweep/quality_joint/raw/mxint8_add_sub_t300_i5_r02.json,/home/josephluke/Program-Synthesis-for-Efficient-ML/results/hyperparameter_sweep/quality_joint/raw/mxint8_add_sub_t300_i5_r02.log
mxint8_add_sub,mxint8_add,full_sum,300,5,3,1,started,solved,True,3,5,5,0.03493575006723404,0.0071258824318647385,10,2,1.2875699996948242,4044,-1,-1,-1,-1.0,-1.0,-1.0,-1.0,/home/josephluke/Program-Synthesis-for-Efficient-ML/results/hyperparameter_sweep/quality_joint/raw/mxint8_add_sub_t300_i5_r03.json,/home/josephluke/Program-Synthesis-for-Efficient-ML/results/hyperparameter_sweep/quality_joint/raw/mxint8_add_sub_t300_i5_r03.log
mxint8_add_sub,mxint8_add,full_sum,300,15,1,1,started,solved,True,13,15,15,0.10947444289922714,0.007815653458237648,30,2,2.562711238861084,4042,-1,-1,-1,-1.0,-1.0,-1.0,-1.0,/home/josephluke/Program-Synthesis-for-Efficient-ML/results/hyperparameter_sweep/quality_joint/raw/mxint8_add_sub_t300_i15_r01.json,/home/josephluke/Program-Synthesis-for-Efficient-ML/results/hyperparameter_sweep/quality_joint/raw/mxint8_add_sub_t300_i15_r01.log
mxint8_add_sub,mxint8_add,full_sum,300,15,2,1,started,solved,True,10,15,15,0.10702856071293354,0.00776328332722187,30,2,3.010406494140625,4043,-1,-1,-1,-1.0,-1.0,-1.0,-1.0,/home/josephluke/Program-Synthesis-for-Efficient-ML/results/hyperparameter_sweep/quality_joint/raw/mxint8_add_sub_t300_i15_r02.json,/home/josephluke/Program-Synthesis-for-Efficient-ML/results/hyperparameter_sweep/quality_joint/raw/mxint8_add_sub_t300_i15_r02.log
mxint8_add_sub,mxint8_add,full_sum,300,15,3,1,started,solved,True,12,15,15,0.10819370485842228,0.007685147225856781,30,2,2.467959403991699,4044,-1,-1,-1,-1.0,-1.0,-1.0,-1.0,/home/josephluke/Program-Synthesis-for-Efficient-ML/results/hyperparameter_sweep/quality_joint/raw/mxint8_add_sub_t300_i15_r03.json,/home/josephluke/Program-Synthesis-for-Efficient-ML/results/hyperparameter_sweep/quality_joint/raw/mxint8_add_sub_t300_i15_r03.log
mxint8_add_sub,mxint8_add,full_sum,300,30,1,1,started,solved,True,25,30,30,0.22889257594943047,0.00847679004073143,60,2,17.239230155944824,4042,-1,-1,-1,-1.0,-1.0,-1.0,-1.0,/home/josephluke/Program-Synthesis-for-Efficient-ML/results/hyperparameter_sweep/quality_joint/raw/mxint8_add_sub_t300_i30_r01.json,/home/josephluke/Program-Synthesis-for-Efficient-ML/results/hyperparameter_sweep/quality_joint/raw/mxint8_add_sub_t300_i30_r01.log
mxint8_add_sub,mxint8_add,full_sum,300,30,2,1,started,solved,True,24,30,30,0.22473836690187454,0.00840015523135662,60,2,14.712852239608765,4043,-1,-1,-1,-1.0,-1.0,-1.0,-1.0,/home/josephluke/Program-Synthesis-for-Efficient-ML/results/hyperparameter_sweep/quality_joint/raw/mxint8_add_sub_t300_i30_r02.json,/home/josephluke/Program-Synthesis-for-Efficient-ML/results/hyperparameter_sweep/quality_joint/raw/mxint8_add_sub_t300_i30_r02.log
mxint8_add_sub,mxint8_add,full_sum,300,30,3,1,started,solved,True,26,30,30,0.22715309634804726,0.008408807218074799,60,2,20.36307406425476,4044,-1,-1,-1,-1.0,-1.0,-1.0,-1.0,/home/josephluke/Program-Synthesis-for-Efficient-ML/results/hyperparameter_sweep/quality_joint/raw/mxint8_add_sub_t300_i30_r03.json,/home/josephluke/Program-Synthesis-for-Efficient-ML/results/hyperparameter_sweep/quality_joint/raw/mxint8_add_sub_t300_i30_r03.log
mxint8_mul_sub,mxint8_mul,full_product,10,5,1,1,error,unknown,False,-1,-1,-1,-1.0,-1.0,,,9.893157482147217,5042,-1,-1,-1,-1.0,-1.0,-1.0,-1.0,/home/josephluke/Program-Synthesis-for-Efficient-ML/results/hyperparameter_sweep/quality_joint/raw/mxint8_mul_sub_t10_i5_r01.json,/home/josephluke/Program-Synthesis-for-Efficient-ML/results/hyperparameter_sweep/quality_joint/raw/mxint8_mul_sub_t10_i5_r01.log
mxint8_mul_sub,mxint8_mul,full_product,10,5,2,1,error,unknown,False,-1,-1,-1,-1.0,-1.0,,,0.8696281909942627,5043,-1,-1,-1,-1.0,-1.0,-1.0,-1.0,/home/josephluke/Program-Synthesis-for-Efficient-ML/results/hyperparameter_sweep/quality_joint/raw/mxint8_mul_sub_t10_i5_r02.json,/home/josephluke/Program-Synthesis-for-Efficient-ML/results/hyperparameter_sweep/quality_joint/raw/mxint8_mul_sub_t10_i5_r02.log
mxint8_mul_sub,mxint8_mul,full_product,10,5,3,1,error,unknown,False,-1,-1,-1,-1.0,-1.0,,,10.89702033996582,5044,-1,-1,-1,-1.0,-1.0,-1.0,-1.0,/home/josephluke/Program-Synthesis-for-Efficient-ML/results/hyperparameter_sweep/quality_joint/raw/mxint8_mul_sub_t10_i5_r03.json,/home/josephluke/Program-Synthesis-for-Efficient-ML/results/hyperparameter_sweep/quality_joint/raw/mxint8_mul_sub_t10_i5_r03.log
mxint8_mul_sub,mxint8_mul,full_product,10,15,1,1,error,unknown,False,-1,-1,-1,-1.0,-1.0,,,63.775044202804565,5042,-1,-1,-1,-1.0,-1.0,-1.0,-1.0,/home/josephluke/Program-Synthesis-for-Efficient-ML/results/hyperparameter_sweep/quality_joint/raw/mxint8_mul_sub_t10_i15_r01.json,/home/josephluke/Program-Synthesis-for-Efficient-ML/results/hyperparameter_sweep/quality_joint/raw/mxint8_mul_sub_t10_i15_r01.log
mxint8_mul_sub,mxint8_mul,full_product,10,15,2,1,error,unknown,False,-1,-1,-1,-1.0,-1.0,,,36.05073595046997,5043,-1,-1,-1,-1.0,-1.0,-1.0,-1.0,/home/josephluke/Program-Synthesis-for-Efficient-ML/results/hyperparameter_sweep/quality_joint/raw/mxint8_mul_sub_t10_i15_r02.json,/home/josephluke/Program-Synthesis-for-Efficient-ML/results/hyperparameter_sweep/quality_joint/raw/mxint8_mul_sub_t10_i15_r02.log
mxint8_mul_sub,mxint8_mul,full_product,10,15,3,1,error,unknown,False,-1,-1,-1,-1.0,-1.0,,,42.68510413169861,5044,-1,-1,-1,-1.0,-1.0,-1.0,-1.0,/home/josephluke/Program-Synthesis-for-Efficient-ML/results/hyperparameter_sweep/quality_joint/raw/mxint8_mul_sub_t10_i15_r03.json,/home/josephluke/Program-Synthesis-for-Efficient-ML/results/hyperparameter_sweep/quality_joint/raw/mxint8_mul_sub_t10_i15_r03.log
mxint8_mul_sub,mxint8_mul,full_product,10,30,1,1,error,unknown,False,-1,-1,-1,-1.0,-1.0,,,170.87082386016846,5042,-1,-1,-1,-1.0,-1.0,-1.0,-1.0,/home/josephluke/Program-Synthesis-for-Efficient-ML/results/hyperparameter_sweep/quality_joint/raw/mxint8_mul_sub_t10_i30_r01.json,/home/josephluke/Program-Synthesis-for-Efficient-ML/results/hyperparameter_sweep/quality_joint/raw/mxint8_mul_sub_t10_i30_r01.log
mxint8_mul_sub,mxint8_mul,full_product,10,30,2,1,error,unknown,False,-1,-1,-1,-1.0,-1.0,,,118.50042033195496,5043,-1,-1,-1,-1.0,-1.0,-1.0,-1.0,/home/josephluke/Program-Synthesis-for-Efficient-ML/results/hyperparameter_sweep/quality_joint/raw/mxint8_mul_sub_t10_i30_r02.json,/home/josephluke/Program-Synthesis-for-Efficient-ML/results/hyperparameter_sweep/quality_joint/raw/mxint8_mul_sub_t10_i30_r02.log
mxint8_mul_sub,mxint8_mul,full_product,10,30,3,1,error,unknown,False,-1,-1,-1,-1.0,-1.0,,,112.94091987609863,5044,-1,-1,-1,-1.0,-1.0,-1.0,-1.0,/home/josephluke/Program-Synthesis-for-Efficient-ML/results/hyperparameter_sweep/quality_joint/raw/mxint8_mul_sub_t10_i30_r03.json,/home/josephluke/Program-Synthesis-for-Efficient-ML/results/hyperparameter_sweep/quality_joint/raw/mxint8_mul_sub_t10_i30_r03.log
mxint8_mul_sub,mxint8_mul,full_product,60,5,1,1,error,unknown,False,-1,-1,-1,-1.0,-1.0,,,9.947867631912231,5042,-1,-1,-1,-1.0,-1.0,-1.0,-1.0,/home/josephluke/Program-Synthesis-for-Efficient-ML/results/hyperparameter_sweep/quality_joint/raw/mxint8_mul_sub_t60_i5_r01.json,/home/josephluke/Program-Synthesis-for-Efficient-ML/results/hyperparameter_sweep/quality_joint/raw/mxint8_mul_sub_t60_i5_r01.log
mxint8_mul_sub,mxint8_mul,full_product,60,5,2,1,error,unknown,False,-1,-1,-1,-1.0,-1.0,,,0.8678514957427979,5043,-1,-1,-1,-1.0,-1.0,-1.0,-1.0,/home/josephluke/Program-Synthesis-for-Efficient-ML/results/hyperparameter_sweep/quality_joint/raw/mxint8_mul_sub_t60_i5_r02.json,/home/josephluke/Program-Synthesis-for-Efficient-ML/results/hyperparameter_sweep/quality_joint/raw/mxint8_mul_sub_t60_i5_r02.log
mxint8_mul_sub,mxint8_mul,full_product,60,5,3,1,error,unknown,False,-1,-1,-1,-1.0,-1.0,,,46.356833934783936,5044,-1,-1,-1,-1.0,-1.0,-1.0,-1.0,/home/josephluke/Program-Synthesis-for-Efficient-ML/results/hyperparameter_sweep/quality_joint/raw/mxint8_mul_sub_t60_i5_r03.json,/home/josephluke/Program-Synthesis-for-Efficient-ML/results/hyperparameter_sweep/quality_joint/raw/mxint8_mul_sub_t60_i5_r03.log
mxint8_mul_sub,mxint8_mul,full_product,60,15,1,1,error,unknown,False,-1,-1,-1,-1.0,-1.0,,,163.48338651657104,5042,-1,-1,-1,-1.0,-1.0,-1.0,-1.0,/home/josephluke/Program-Synthesis-for-Efficient-ML/results/hyperparameter_sweep/quality_joint/raw/mxint8_mul_sub_t60_i15_r01.json,/home/josephluke/Program-Synthesis-for-Efficient-ML/results/hyperparameter_sweep/quality_joint/raw/mxint8_mul_sub_t60_i15_r01.log
mxint8_mul_sub,mxint8_mul,full_product,60,15,2,1,error,unknown,False,-1,-1,-1,-1.0,-1.0,,,186.29718542099,5043,-1,-1,-1,-1.0,-1.0,-1.0,-1.0,/home/josephluke/Program-Synthesis-for-Efficient-ML/results/hyperparameter_sweep/quality_joint/raw/mxint8_mul_sub_t60_i15_r02.json,/home/josephluke/Program-Synthesis-for-Efficient-ML/results/hyperparameter_sweep/quality_joint/raw/mxint8_mul_sub_t60_i15_r02.log
mxint8_mul_sub,mxint8_mul,full_product,60,15,3,1,error,unknown,False,-1,-1,-1,-1.0,-1.0,,,624.6269919872284,5044,-1,-1,-1,-1.0,-1.0,-1.0,-1.0,/home/josephluke/Program-Synthesis-for-Efficient-ML/results/hyperparameter_sweep/quality_joint/raw/mxint8_mul_sub_t60_i15_r03.json,/home/josephluke/Program-Synthesis-for-Efficient-ML/results/hyperparameter_sweep/quality_joint/raw/mxint8_mul_sub_t60_i15_r03.log
mxint8_mul_sub,mxint8_mul,full_product,60,30,1,1,error,unknown,False,-1,-1,-1,-1.0,-1.0,,,418.3855218887329,5042,-1,-1,-1,-1.0,-1.0,-1.0,-1.0,/home/josephluke/Program-Synthesis-for-Efficient-ML/results/hyperparameter_sweep/quality_joint/raw/mxint8_mul_sub_t60_i30_r01.json,/home/josephluke/Program-Synthesis-for-Efficient-ML/results/hyperparameter_sweep/quality_joint/raw/mxint8_mul_sub_t60_i30_r01.log
mxint8_mul_sub,mxint8_mul,full_product,60,30,2,1,error,unknown,False,-1,-1,-1,-1.0,-1.0,,,786.801775932312,5043,-1,-1,-1,-1.0,-1.0,-1.0,-1.0,/home/josephluke/Program-Synthesis-for-Efficient-ML/results/hyperparameter_sweep/quality_joint/raw/mxint8_mul_sub_t60_i30_r02.json,/home/josephluke/Program-Synthesis-for-Efficient-ML/results/hyperparameter_sweep/quality_joint/raw/mxint8_mul_sub_t60_i30_r02.log
mxint8_mul_sub,mxint8_mul,full_product,60,30,3,1,error,unknown,False,-1,-1,-1,-1.0,-1.0,,,1532.8695425987244,5044,-1,-1,-1,-1.0,-1.0,-1.0,-1.0,/home/josephluke/Program-Synthesis-for-Efficient-ML/results/hyperparameter_sweep/quality_joint/raw/mxint8_mul_sub_t60_i30_r03.json,/home/josephluke/Program-Synthesis-for-Efficient-ML/results/hyperparameter_sweep/quality_joint/raw/mxint8_mul_sub_t60_i30_r03.log
mxint8_mul_sub,mxint8_mul,full_product,300,5,1,1,error,unknown,False,-1,-1,-1,-1.0,-1.0,,,9.994937181472778,5042,-1,-1,-1,-1.0,-1.0,-1.0,-1.0,/home/josephluke/Program-Synthesis-for-Efficient-ML/results/hyperparameter_sweep/quality_joint/raw/mxint8_mul_sub_t300_i5_r01.json,/home/josephluke/Program-Synthesis-for-Efficient-ML/results/hyperparameter_sweep/quality_joint/raw/mxint8_mul_sub_t300_i5_r01.log
mxint8_mul_sub,mxint8_mul,full_product,300,5,2,1,error,unknown,False,-1,-1,-1,-1.0,-1.0,,,0.8654880523681641,5043,-1,-1,-1,-1.0,-1.0,-1.0,-1.0,/home/josephluke/Program-Synthesis-for-Efficient-ML/results/hyperparameter_sweep/quality_joint/raw/mxint8_mul_sub_t300_i5_r02.json,/home/josephluke/Program-Synthesis-for-Efficient-ML/results/hyperparameter_sweep/quality_joint/raw/mxint8_mul_sub_t300_i5_r02.log
mxint8_mul_sub,mxint8_mul,full_product,300,5,3,1,error,unknown,False,-1,-1,-1,-1.0,-1.0,,,47.03142046928406,5044,-1,-1,-1,-1.0,-1.0,-1.0,-1.0,/home/josephluke/Program-Synthesis-for-Efficient-ML/results/hyperparameter_sweep/quality_joint/raw/mxint8_mul_sub_t300_i5_r03.json,/home/josephluke/Program-Synthesis-for-Efficient-ML/results/hyperparameter_sweep/quality_joint/raw/mxint8_mul_sub_t300_i5_r03.log
mxint8_mul_sub,mxint8_mul,full_product,300,15,1,1,error,unknown,False,-1,-1,-1,-1.0,-1.0,,,729.593245267868,5042,-1,-1,-1,-1.0,-1.0,-1.0,-1.0,/home/josephluke/Program-Synthesis-for-Efficient-ML/results/hyperparameter_sweep/quality_joint/raw/mxint8_mul_sub_t300_i15_r01.json,/home/josephluke/Program-Synthesis-for-Efficient-ML/results/hyperparameter_sweep/quality_joint/raw/mxint8_mul_sub_t300_i15_r01.log
mxint8_mul_sub,mxint8_mul,full_product,300,15,2,1,error,unknown,False,-1,-1,-1,-1.0,-1.0,,,867.2388339042664,5043,-1,-1,-1,-1.0,-1.0,-1.0,-1.0,/home/josephluke/Program-Synthesis-for-Efficient-ML/results/hyperparameter_sweep/quality_joint/raw/mxint8_mul_sub_t300_i15_r02.json,/home/josephluke/Program-Synthesis-for-Efficient-ML/results/hyperparameter_sweep/quality_joint/raw/mxint8_mul_sub_t300_i15_r02.log
mxint8_mul_sub,mxint8_mul,full_product,300,15,3,1,error,unknown,False,-1,-1,-1,-1.0,-1.0,,,951.1335787773132,5044,-1,-1,-1,-1.0,-1.0,-1.0,-1.0,/home/josephluke/Program-Synthesis-for-Efficient-ML/results/hyperparameter_sweep/quality_joint/raw/mxint8_mul_sub_t300_i15_r03.json,/home/josephluke/Program-Synthesis-for-Efficient-ML/results/hyperparameter_sweep/quality_joint/raw/mxint8_mul_sub_t300_i15_r03.log
mxint8_mul_sub,mxint8_mul,full_product,300,30,1,1,error,unknown,False,-1,-1,-1,-1.0,-1.0,,,4252.509398937225,5042,-1,-1,-1,-1.0,-1.0,-1.0,-1.0,/home/josephluke/Program-Synthesis-for-Efficient-ML/results/hyperparameter_sweep/quality_joint/raw/mxint8_mul_sub_t300_i30_r01.json,/home/josephluke/Program-Synthesis-for-Efficient-ML/results/hyperparameter_sweep/quality_joint/raw/mxint8_mul_sub_t300_i30_r01.log
mxint8_mul_sub,mxint8_mul,full_product,300,30,2,1,error,unknown,False,-1,-1,-1,-1.0,-1.0,,,4759.4947946071625,5043,-1,-1,-1,-1.0,-1.0,-1.0,-1.0,/home/josephluke/Program-Synthesis-for-Efficient-ML/results/hyperparameter_sweep/quality_joint/raw/mxint8_mul_sub_t300_i30_r02.json,/home/josephluke/Program-Synthesis-for-Efficient-ML/results/hyperparameter_sweep/quality_joint/raw/mxint8_mul_sub_t300_i30_r02.log
mxint8_mul_sub,mxint8_mul,full_product,300,30,3,1,error,unknown,False,-1,-1,-1,-1.0,-1.0,,,4301.527348518372,5044,-1,-1,-1,-1.0,-1.0,-1.0,-1.0,/home/josephluke/Program-Synthesis-for-Efficient-ML/results/hyperparameter_sweep/quality_joint/raw/mxint8_mul_sub_t300_i30_r03.json,/home/josephluke/Program-Synthesis-for-Efficient-ML/results/hyperparameter_sweep/quality_joint/raw/mxint8_mul_sub_t300_i30_r03.log
fp32_add_sub,fp32_add,full_sum,10,5,1,1,started,solved,True,5,5,5,0.0847028624266386,0.017827903851866722,40,8,1.127056360244751,6042,-1,-1,-1,-1.0,-1.0,-1.0,-1.0,/home/josephluke/Program-Synthesis-for-Efficient-ML/results/hyperparameter_sweep/quality_joint/raw/fp32_add_sub_t10_i5_r01.json,/home/josephluke/Program-Synthesis-for-Efficient-ML/results/hyperparameter_sweep/quality_joint/raw/fp32_add_sub_t10_i5_r01.log
fp32_add_sub,fp32_add,full_sum,10,5,2,1,started,solved,True,5,5,5,0.0856478102505207,0.01847754418849945,40,8,1.0759704113006592,6043,-1,-1,-1,-1.0,-1.0,-1.0,-1.0,/home/josephluke/Program-Synthesis-for-Efficient-ML/results/hyperparameter_sweep/quality_joint/raw/fp32_add_sub_t10_i5_r02.json,/home/josephluke/Program-Synthesis-for-Efficient-ML/results/hyperparameter_sweep/quality_joint/raw/fp32_add_sub_t10_i5_r02.log
fp32_add_sub,fp32_add,full_sum,10,5,3,1,started,solved,True,5,5,5,0.08483112044632435,0.01811104267835617,40,8,1.096980333328247,6044,-1,-1,-1,-1.0,-1.0,-1.0,-1.0,/home/josephluke/Program-Synthesis-for-Efficient-ML/results/hyperparameter_sweep/quality_joint/raw/fp32_add_sub_t10_i5_r03.json,/home/josephluke/Program-Synthesis-for-Efficient-ML/results/hyperparameter_sweep/quality_joint/raw/fp32_add_sub_t10_i5_r03.log
fp32_add_sub,fp32_add,full_sum,10,15,1,1,started,solved,True,15,15,15,0.2840795237571001,0.02230902388691902,120,8,1.756065845489502,6042,-1,-1,-1,-1.0,-1.0,-1.0,-1.0,/home/josephluke/Program-Synthesis-for-Efficient-ML/results/hyperparameter_sweep/quality_joint/raw/fp32_add_sub_t10_i15_r01.json,/home/josephluke/Program-Synthesis-for-Efficient-ML/results/hyperparameter_sweep/quality_joint/raw/fp32_add_sub_t10_i15_r01.log
fp32_add_sub,fp32_add,full_sum,10,15,2,1,started,solved,True,15,15,15,0.28486393019557,0.02179502695798874,120,8,1.7570598125457764,6043,-1,-1,-1,-1.0,-1.0,-1.0,-1.0,/home/josephluke/Program-Synthesis-for-Efficient-ML/results/hyperparameter_sweep/quality_joint/raw/fp32_add_sub_t10_i15_r02.json,/home/josephluke/Program-Synthesis-for-Efficient-ML/results/hyperparameter_sweep/quality_joint/raw/fp32_add_sub_t10_i15_r02.log
fp32_add_sub,fp32_add,full_sum,10,15,3,1,started,solved,True,15,15,15,0.2906287796795368,0.021731393411755562,120,8,1.6650285720825195,6044,-1,-1,-1,-1.0,-1.0,-1.0,-1.0,/home/josephluke/Program-Synthesis-for-Efficient-ML/results/hyperparameter_sweep/quality_joint/raw/fp32_add_sub_t10_i15_r03.json,/home/josephluke/Program-Synthesis-for-Efficient-ML/results/hyperparameter_sweep/quality_joint/raw/fp32_add_sub_t10_i15_r03.log
fp32_add_sub,fp32_add,full_sum,10,30,1,1,started,solved,True,30,30,30,0.6559937503188848,0.028452467173337936,240,8,3.108794689178467,6042,-1,-1,-1,-1.0,-1.0,-1.0,-1.0,/home/josephluke/Program-Synthesis-for-Efficient-ML/results/hyperparameter_sweep/quality_joint/raw/fp32_add_sub_t10_i30_r01.json,/home/josephluke/Program-Synthesis-for-Efficient-ML/results/hyperparameter_sweep/quality_joint/raw/fp32_add_sub_t10_i30_r01.log
fp32_add_sub,fp32_add,full_sum,10,30,2,1,started,solved,True,30,30,30,0.6543162781745195,0.02822524681687355,240,8,3.105748414993286,6043,-1,-1,-1,-1.0,-1.0,-1.0,-1.0,/home/josephluke/Program-Synthesis-for-Efficient-ML/results/hyperparameter_sweep/quality_joint/raw/fp32_add_sub_t10_i30_r02.json,/home/josephluke/Program-Synthesis-for-Efficient-ML/results/hyperparameter_sweep/quality_joint/raw/fp32_add_sub_t10_i30_r02.log
fp32_add_sub,fp32_add,full_sum,10,30,3,1,started,solved,True,30,30,30,0.6591260433197021,0.02830171026289463,240,8,2.9855141639709473,6044,-1,-1,-1,-1.0,-1.0,-1.0,-1.0,/home/josephluke/Program-Synthesis-for-Efficient-ML/results/hyperparameter_sweep/quality_joint/raw/fp32_add_sub_t10_i30_r03.json,/home/josephluke/Program-Synthesis-for-Efficient-ML/results/hyperparameter_sweep/quality_joint/raw/fp32_add_sub_t10_i30_r03.log
fp32_add_sub,fp32_add,full_sum,60,5,1,1,started,solved,True,5,5,5,0.08632434718310833,0.01815086044371128,40,8,1.0934293270111084,6042,-1,-1,-1,-1.0,-1.0,-1.0,-1.0,/home/josephluke/Program-Synthesis-for-Efficient-ML/results/hyperparameter_sweep/quality_joint/raw/fp32_add_sub_t60_i5_r01.json,/home/josephluke/Program-Synthesis-for-Efficient-ML/results/hyperparameter_sweep/quality_joint/raw/fp32_add_sub_t60_i5_r01.log
fp32_add_sub,fp32_add,full_sum,60,5,2,1,started,solved,True,5,5,5,0.08548463881015778,0.0182297732681036,40,8,1.107736587524414,6043,-1,-1,-1,-1.0,-1.0,-1.0,-1.0,/home/josephluke/Program-Synthesis-for-Efficient-ML/results/hyperparameter_sweep/quality_joint/raw/fp32_add_sub_t60_i5_r02.json,/home/josephluke/Program-Synthesis-for-Efficient-ML/results/hyperparameter_sweep/quality_joint/raw/fp32_add_sub_t60_i5_r02.log
fp32_add_sub,fp32_add,full_sum,60,5,3,1,started,solved,True,5,5,5,0.08673230744898319,0.017671270295977592,40,8,1.1056749820709229,6044,-1,-1,-1,-1.0,-1.0,-1.0,-1.0,/home/josephluke/Program-Synthesis-for-Efficient-ML/results/hyperparameter_sweep/quality_joint/raw/fp32_add_sub_t60_i5_r03.json,/home/josephluke/Program-Synthesis-for-Efficient-ML/results/hyperparameter_sweep/quality_joint/raw/fp32_add_sub_t60_i5_r03.log
fp32_add_sub,fp32_add,full_sum,60,15,1,1,started,solved,True,15,15,15,0.2829990815371275,0.021697400137782097,120,8,1.7627241611480713,6042,-1,-1,-1,-1.0,-1.0,-1.0,-1.0,/home/josephluke/Program-Synthesis-for-Efficient-ML/results/hyperparameter_sweep/quality_joint/raw/fp32_add_sub_t60_i15_r01.json,/home/josephluke/Program-Synthesis-for-Efficient-ML/results/hyperparameter_sweep/quality_joint/raw/fp32_add_sub_t60_i15_r01.log
fp32_add_sub,fp32_add,full_sum,60,15,2,1,started,solved,True,15,15,15,0.28659059666097164,0.021355826407670975,120,8,1.7545037269592285,6043,-1,-1,-1,-1.0,-1.0,-1.0,-1.0,/home/josephluke/Program-Synthesis-for-Efficient-ML/results/hyperparameter_sweep/quality_joint/raw/fp32_add_sub_t60_i15_r02.json,/home/josephluke/Program-Synthesis-for-Efficient-ML/results/hyperparameter_sweep/quality_joint/raw/fp32_add_sub_t60_i15_r02.log
fp32_add_sub,fp32_add,full_sum,60,15,3,1,started,solved,True,15,15,15,0.28564297035336494,0.022233668714761734,120,8,1.6365447044372559,6044,-1,-1,-1,-1.0,-1.0,-1.0,-1.0,/home/josephluke/Program-Synthesis-for-Efficient-ML/results/hyperparameter_sweep/quality_joint/raw/fp32_add_sub_t60_i15_r03.json,/home/josephluke/Program-Synthesis-for-Efficient-ML/results/hyperparameter_sweep/quality_joint/raw/fp32_add_sub_t60_i15_r03.log
fp32_add_sub,fp32_add,full_sum,60,30,1,1,started,solved,True,30,30,30,0.6534599773585796,0.02817230299115181,240,8,3.08187198638916,6042,-1,-1,-1,-1.0,-1.0,-1.0,-1.0,/home/josephluke/Program-Synthesis-for-Efficient-ML/results/hyperparameter_sweep/quality_joint/raw/fp32_add_sub_t60_i30_r01.json,/home/josephluke/Program-Synthesis-for-Efficient-ML/results/hyperparameter_sweep/quality_joint/raw/fp32_add_sub_t60_i30_r01.log
fp32_add_sub,fp32_add,full_sum,60,30,2,1,started,solved,True,30,30,30,0.6596410144120455,0.02821371890604496,240,8,3.0718929767608643,6043,-1,-1,-1,-1.0,-1.0,-1.0,-1.0,/home/josephluke/Program-Synthesis-for-Efficient-ML/results/hyperparameter_sweep/quality_joint/raw/fp32_add_sub_t60_i30_r02.json,/home/josephluke/Program-Synthesis-for-Efficient-ML/results/hyperparameter_sweep/quality_joint/raw/fp32_add_sub_t60_i30_r02.log
fp32_add_sub,fp32_add,full_sum,60,30,3,1,started,solved,True,30,30,30,0.6539149507880211,0.02819421887397766,240,8,2.9846551418304443,6044,-1,-1,-1,-1.0,-1.0,-1.0,-1.0,/home/josephluke/Program-Synthesis-for-Efficient-ML/results/hyperparameter_sweep/quality_joint/raw/fp32_add_sub_t60_i30_r03.json,/home/josephluke/Program-Synthesis-for-Efficient-ML/results/hyperparameter_sweep/quality_joint/raw/fp32_add_sub_t60_i30_r03.log
fp32_add_sub,fp32_add,full_sum,300,5,1,1,started,solved,True,5,5,5,0.08601490966975689,0.017721137031912804,40,8,1.0932745933532715,6042,-1,-1,-1,-1.0,-1.0,-1.0,-1.0,/home/josephluke/Program-Synthesis-for-Efficient-ML/results/hyperparameter_sweep/quality_joint/raw/fp32_add_sub_t300_i5_r01.json,/home/josephluke/Program-Synthesis-for-Efficient-ML/results/hyperparameter_sweep/quality_joint/raw/fp32_add_sub_t300_i5_r01.log
fp32_add_sub,fp32_add,full_sum,300,5,2,1,started,solved,True,5,5,5,0.08701527677476406,0.01810663565993309,40,8,1.1122283935546875,6043,-1,-1,-1,-1.0,-1.0,-1.0,-1.0,/home/josephluke/Program-Synthesis-for-Efficient-ML/results/hyperparameter_sweep/quality_joint/raw/fp32_add_sub_t300_i5_r02.json,/home/josephluke/Program-Synthesis-for-Efficient-ML/results/hyperparameter_sweep/quality_joint/raw/fp32_add_sub_t300_i5_r02.log
fp32_add_sub,fp32_add,full_sum,300,5,3,1,started,solved,True,5,5,5,0.08512665145099163,0.01769152842462063,40,8,1.105529546737671,6044,-1,-1,-1,-1.0,-1.0,-1.0,-1.0,/home/josephluke/Program-Synthesis-for-Efficient-ML/results/hyperparameter_sweep/quality_joint/raw/fp32_add_sub_t300_i5_r03.json,/home/josephluke/Program-Synthesis-for-Efficient-ML/results/hyperparameter_sweep/quality_joint/raw/fp32_add_sub_t300_i5_r03.log
fp32_add_sub,fp32_add,full_sum,300,15,1,1,started,solved,True,15,15,15,0.28336372785270214,0.02190733700990677,120,8,1.7333033084869385,6042,-1,-1,-1,-1.0,-1.0,-1.0,-1.0,/home/josephluke/Program-Synthesis-for-Efficient-ML/results/hyperparameter_sweep/quality_joint/raw/fp32_add_sub_t300_i15_r01.json,/home/josephluke/Program-Synthesis-for-Efficient-ML/results/hyperparameter_sweep/quality_joint/raw/fp32_add_sub_t300_i15_r01.log
fp32_add_sub,fp32_add,full_sum,300,15,2,1,started,solved,True,15,15,15,0.2786575872451067,0.02160276100039482,120,8,1.760765790939331,6043,-1,-1,-1,-1.0,-1.0,-1.0,-1.0,/home/josephluke/Program-Synthesis-for-Efficient-ML/results/hyperparameter_sweep/quality_joint/raw/fp32_add_sub_t300_i15_r02.json,/home/josephluke/Program-Synthesis-for-Efficient-ML/results/hyperparameter_sweep/quality_joint/raw/fp32_add_sub_t300_i15_r02.log
fp32_add_sub,fp32_add,full_sum,300,15,3,1,started,solved,True,15,15,15,0.2808762490749359,0.021946828812360764,120,8,1.6295251846313477,6044,-1,-1,-1,-1.0,-1.0,-1.0,-1.0,/home/josephluke/Program-Synthesis-for-Efficient-ML/results/hyperparameter_sweep/quality_joint/raw/fp32_add_sub_t300_i15_r03.json,/home/josephluke/Program-Synthesis-for-Efficient-ML/results/hyperparameter_sweep/quality_joint/raw/fp32_add_sub_t300_i15_r03.log
fp32_add_sub,fp32_add,full_sum,300,30,1,1,started,solved,True,30,30,30,0.6612244341522455,0.028482163324952126,240,8,3.117389440536499,6042,-1,-1,-1,-1.0,-1.0,-1.0,-1.0,/home/josephluke/Program-Synthesis-for-Efficient-ML/results/hyperparameter_sweep/quality_joint/raw/fp32_add_sub_t300_i30_r01.json,/home/josephluke/Program-Synthesis-for-Efficient-ML/results/hyperparameter_sweep/quality_joint/raw/fp32_add_sub_t300_i30_r01.log
fp32_add_sub,fp32_add,full_sum,300,30,2,1,started,solved,True,30,30,30,0.6634214464575052,0.0285402312874794,240,8,3.0833842754364014,6043,-1,-1,-1,-1.0,-1.0,-1.0,-1.0,/home/josephluke/Program-Synthesis-for-Efficient-ML/results/hyperparameter_sweep/quality_joint/raw/fp32_add_sub_t300_i30_r02.json,/home/josephluke/Program-Synthesis-for-Efficient-ML/results/hyperparameter_sweep/quality_joint/raw/fp32_add_sub_t300_i30_r02.log
fp32_add_sub,fp32_add,full_sum,300,30,3,1,started,solved,True,30,30,30,0.6663983631879091,0.030253993347287178,240,8,2.957451820373535,6044,-1,-1,-1,-1.0,-1.0,-1.0,-1.0,/home/josephluke/Program-Synthesis-for-Efficient-ML/results/hyperparameter_sweep/quality_joint/raw/fp32_add_sub_t300_i30_r03.json,/home/josephluke/Program-Synthesis-for-Efficient-ML/results/hyperparameter_sweep/quality_joint/raw/fp32_add_sub_t300_i30_r03.log
fp32_mul_sub,fp32_mul,full_product,10,5,1,1,started,solved,True,5,5,5,0.0700635276734829,0.014434749260544777,70,14,1.1528258323669434,7042,-1,-1,-1,-1.0,-1.0,-1.0,-1.0,/home/josephluke/Program-Synthesis-for-Efficient-ML/results/hyperparameter_sweep/quality_joint/raw/fp32_mul_sub_t10_i5_r01.json,/home/josephluke/Program-Synthesis-for-Efficient-ML/results/hyperparameter_sweep/quality_joint/raw/fp32_mul_sub_t10_i5_r01.log
fp32_mul_sub,fp32_mul,full_product,10,5,2,1,started,solved,True,5,5,5,0.07166209071874619,0.014573216438293457,70,14,1.1595861911773682,7043,-1,-1,-1,-1.0,-1.0,-1.0,-1.0,/home/josephluke/Program-Synthesis-for-Efficient-ML/results/hyperparameter_sweep/quality_joint/raw/fp32_mul_sub_t10_i5_r02.json,/home/josephluke/Program-Synthesis-for-Efficient-ML/results/hyperparameter_sweep/quality_joint/raw/fp32_mul_sub_t10_i5_r02.log
fp32_mul_sub,fp32_mul,full_product,10,5,3,1,started,solved,True,5,5,5,0.07050278410315514,0.014401758089661598,70,14,1.1521596908569336,7044,-1,-1,-1,-1.0,-1.0,-1.0,-1.0,/home/josephluke/Program-Synthesis-for-Efficient-ML/results/hyperparameter_sweep/quality_joint/raw/fp32_mul_sub_t10_i5_r03.json,/home/josephluke/Program-Synthesis-for-Efficient-ML/results/hyperparameter_sweep/quality_joint/raw/fp32_mul_sub_t10_i5_r03.log
fp32_mul_sub,fp32_mul,full_product,10,15,1,1,started,solved,True,15,15,15,0.21586180105805397,0.015806127339601517,210,14,1.7351539134979248,7042,-1,-1,-1,-1.0,-1.0,-1.0,-1.0,/home/josephluke/Program-Synthesis-for-Efficient-ML/results/hyperparameter_sweep/quality_joint/raw/fp32_mul_sub_t10_i15_r01.json,/home/josephluke/Program-Synthesis-for-Efficient-ML/results/hyperparameter_sweep/quality_joint/raw/fp32_mul_sub_t10_i15_r01.log
fp32_mul_sub,fp32_mul,full_product,10,15,2,1,started,solved,True,15,15,15,0.2167797889560461,0.01503431424498558,210,14,1.7484240531921387,7043,-1,-1,-1,-1.0,-1.0,-1.0,-1.0,/home/josephluke/Program-Synthesis-for-Efficient-ML/results/hyperparameter_sweep/quality_joint/raw/fp32_mul_sub_t10_i15_r02.json,/home/josephluke/Program-Synthesis-for-Efficient-ML/results/hyperparameter_sweep/quality_joint/raw/fp32_mul_sub_t10_i15_r02.log
fp32_mul_sub,fp32_mul,full_product,10,15,3,1,started,solved,True,15,15,15,0.21432610601186752,0.014993911609053612,210,14,1.750243902206421,7044,-1,-1,-1,-1.0,-1.0,-1.0,-1.0,/home/josephluke/Program-Synthesis-for-Efficient-ML/results/hyperparameter_sweep/quality_joint/raw/fp32_mul_sub_t10_i15_r03.json,/home/josephluke/Program-Synthesis-for-Efficient-ML/results/hyperparameter_sweep/quality_joint/raw/fp32_mul_sub_t10_i15_r03.log
fp32_mul_sub,fp32_mul,full_product,10,30,1,1,started,solved,True,30,30,30,0.45775463804602623,0.016825243830680847,420,14,2.706700563430786,7042,-1,-1,-1,-1.0,-1.0,-1.0,-1.0,/home/josephluke/Program-Synthesis-for-Efficient-ML/results/hyperparameter_sweep/quality_joint/raw/fp32_mul_sub_t10_i30_r01.json,/home/josephluke/Program-Synthesis-for-Efficient-ML/results/hyperparameter_sweep/quality_joint/raw/fp32_mul_sub_t10_i30_r01.log
fp32_mul_sub,fp32_mul,full_product,10,30,2,1,started,solved,True,30,30,30,0.45512563176453114,0.016709357500076294,420,14,2.724809169769287,7043,-1,-1,-1,-1.0,-1.0,-1.0,-1.0,/home/josephluke/Program-Synthesis-for-Efficient-ML/results/hyperparameter_sweep/quality_joint/raw/fp32_mul_sub_t10_i30_r02.json,/home/josephluke/Program-Synthesis-for-Efficient-ML/results/hyperparameter_sweep/quality_joint/raw/fp32_mul_sub_t10_i30_r02.log
fp32_mul_sub,fp32_mul,full_product,10,30,3,1,started,solved,True,30,30,30,0.45244874618947506,0.017068060114979744,420,14,2.6869325637817383,7044,-1,-1,-1,-1.0,-1.0,-1.0,-1.0,/home/josephluke/Program-Synthesis-for-Efficient-ML/results/hyperparameter_sweep/quality_joint/raw/fp32_mul_sub_t10_i30_r03.json,/home/josephluke/Program-Synthesis-for-Efficient-ML/results/hyperparameter_sweep/quality_joint/raw/fp32_mul_sub_t10_i30_r03.log
fp32_mul_sub,fp32_mul,full_product,60,5,1,1,started,solved,True,5,5,5,0.07309715077280998,0.014812078326940536,70,14,1.1761548519134521,7042,-1,-1,-1,-1.0,-1.0,-1.0,-1.0,/home/josephluke/Program-Synthesis-for-Efficient-ML/results/hyperparameter_sweep/quality_joint/raw/fp32_mul_sub_t60_i5_r01.json,/home/josephluke/Program-Synthesis-for-Efficient-ML/results/hyperparameter_sweep/quality_joint/raw/fp32_mul_sub_t60_i5_r01.log
fp32_mul_sub,fp32_mul,full_product,60,5,2,1,started,solved,True,5,5,5,0.07169676385819912,0.014603963121771812,70,14,1.1776103973388672,7043,-1,-1,-1,-1.0,-1.0,-1.0,-1.0,/home/josephluke/Program-Synthesis-for-Efficient-ML/results/hyperparameter_sweep/quality_joint/raw/fp32_mul_sub_t60_i5_r02.json,/home/josephluke/Program-Synthesis-for-Efficient-ML/results/hyperparameter_sweep/quality_joint/raw/fp32_mul_sub_t60_i5_r02.log
fp32_mul_sub,fp32_mul,full_product,60,5,3,1,started,solved,True,5,5,5,0.06996206380426884,0.014705635607242584,70,14,1.168743371963501,7044,-1,-1,-1,-1.0,-1.0,-1.0,-1.0,/home/josephluke/Program-Synthesis-for-Efficient-ML/results/hyperparameter_sweep/quality_joint/raw/fp32_mul_sub_t60_i5_r03.json,/home/josephluke/Program-Synthesis-for-Efficient-ML/results/hyperparameter_sweep/quality_joint/raw/fp32_mul_sub_t60_i5_r03.log
fp32_mul_sub,fp32_mul,full_product,60,15,1,1,started,solved,True,15,15,15,0.2196139581501484,0.015543829649686813,210,14,1.7497673034667969,7042,-1,-1,-1,-1.0,-1.0,-1.0,-1.0,/home/josephluke/Program-Synthesis-for-Efficient-ML/results/hyperparameter_sweep/quality_joint/raw/fp32_mul_sub_t60_i15_r01.json,/home/josephluke/Program-Synthesis-for-Efficient-ML/results/hyperparameter_sweep/quality_joint/raw/fp32_mul_sub_t60_i15_r01.log
fp32_mul_sub,fp32_mul,full_product,60,15,2,1,started,solved,True,15,15,15,0.2134977113455534,0.014894383028149605,210,14,1.7448477745056152,7043,-1,-1,-1,-1.0,-1.0,-1.0,-1.0,/home/josephluke/Program-Synthesis-for-Efficient-ML/results/hyperparameter_sweep/quality_joint/raw/fp32_mul_sub_t60_i15_r02.json,/home/josephluke/Program-Synthesis-for-Efficient-ML/results/hyperparameter_sweep/quality_joint/raw/fp32_mul_sub_t60_i15_r02.log
fp32_mul_sub,fp32_mul,full_product,60,15,3,1,started,solved,True,15,15,15,0.2206465844064951,0.016084635630249977,210,14,1.7425508499145508,7044,-1,-1,-1,-1.0,-1.0,-1.0,-1.0,/home/josephluke/Program-Synthesis-for-Efficient-ML/results/hyperparameter_sweep/quality_joint/raw/fp32_mul_sub_t60_i15_r03.json,/home/josephluke/Program-Synthesis-for-Efficient-ML/results/hyperparameter_sweep/quality_joint/raw/fp32_mul_sub_t60_i15_r03.log
fp32_mul_sub,fp32_mul,full_product,60,30,1,1,started,solved,True,30,30,30,0.4528513103723526,0.01692362129688263,420,14,2.695599317550659,7042,-1,-1,-1,-1.0,-1.0,-1.0,-1.0,/home/josephluke/Program-Synthesis-for-Efficient-ML/results/hyperparameter_sweep/quality_joint/raw/fp32_mul_sub_t60_i30_r01.json,/home/josephluke/Program-Synthesis-for-Efficient-ML/results/hyperparameter_sweep/quality_joint/raw/fp32_mul_sub_t60_i30_r01.log
fp32_mul_sub,fp32_mul,full_product,60,30,2,1,started,solved,True,30,30,30,0.45187413319945335,0.01652732491493225,420,14,2.689120292663574,7043,-1,-1,-1,-1.0,-1.0,-1.0,-1.0,/home/josephluke/Program-Synthesis-for-Efficient-ML/results/hyperparameter_sweep/quality_joint/raw/fp32_mul_sub_t60_i30_r02.json,/home/josephluke/Program-Synthesis-for-Efficient-ML/results/hyperparameter_sweep/quality_joint/raw/fp32_mul_sub_t60_i30_r02.log
fp32_mul_sub,fp32_mul,full_product,60,30,3,1,started,solved,True,30,30,30,0.44957680627703667,0.016751419752836227,420,14,2.718587636947632,7044,-1,-1,-1,-1.0,-1.0,-1.0,-1.0,/home/josephluke/Program-Synthesis-for-Efficient-ML/results/hyperparameter_sweep/quality_joint/raw/fp32_mul_sub_t60_i30_r03.json,/home/josephluke/Program-Synthesis-for-Efficient-ML/results/hyperparameter_sweep/quality_joint/raw/fp32_mul_sub_t60_i30_r03.log
fp32_mul_sub,fp32_mul,full_product,300,5,1,1,started,solved,True,5,5,5,0.06944212131202221,0.014409199357032776,70,14,1.1567444801330566,7042,-1,-1,-1,-1.0,-1.0,-1.0,-1.0,/home/josephluke/Program-Synthesis-for-Efficient-ML/results/hyperparameter_sweep/quality_joint/raw/fp32_mul_sub_t300_i5_r01.json,/home/josephluke/Program-Synthesis-for-Efficient-ML/results/hyperparameter_sweep/quality_joint/raw/fp32_mul_sub_t300_i5_r01.log
fp32_mul_sub,fp32_mul,full_product,300,5,2,1,started,solved,True,5,5,5,0.07078822888433933,0.014567609876394272,70,14,1.5283894538879395,7043,-1,-1,-1,-1.0,-1.0,-1.0,-1.0,/home/josephluke/Program-Synthesis-for-Efficient-ML/results/hyperparameter_sweep/quality_joint/raw/fp32_mul_sub_t300_i5_r02.json,/home/josephluke/Program-Synthesis-for-Efficient-ML/results/hyperparameter_sweep/quality_joint/raw/fp32_mul_sub_t300_i5_r02.log
fp32_mul_sub,fp32_mul,full_product,300,5,3,1,started,solved,True,5,5,5,0.07237225212156773,0.014710724353790283,70,14,1.1825997829437256,7044,-1,-1,-1,-1.0,-1.0,-1.0,-1.0,/home/josephluke/Program-Synthesis-for-Efficient-ML/results/hyperparameter_sweep/quality_joint/raw/fp32_mul_sub_t300_i5_r03.json,/home/josephluke/Program-Synthesis-for-Efficient-ML/results/hyperparameter_sweep/quality_joint/raw/fp32_mul_sub_t300_i5_r03.log
fp32_mul_sub,fp32_mul,full_product,300,15,1,1,started,solved,True,15,15,15,0.2170454803854227,0.016143053770065308,210,14,1.734839677810669,7042,-1,-1,-1,-1.0,-1.0,-1.0,-1.0,/home/josephluke/Program-Synthesis-for-Efficient-ML/results/hyperparameter_sweep/quality_joint/raw/fp32_mul_sub_t300_i15_r01.json,/home/josephluke/Program-Synthesis-for-Efficient-ML/results/hyperparameter_sweep/quality_joint/raw/fp32_mul_sub_t300_i15_r01.log
fp32_mul_sub,fp32_mul,full_product,300,15,2,1,started,solved,True,15,15,15,0.20969340577721596,0.015113603323698044,210,14,1.7292346954345703,7043,-1,-1,-1,-1.0,-1.0,-1.0,-1.0,/home/josephluke/Program-Synthesis-for-Efficient-ML/results/hyperparameter_sweep/quality_joint/raw/fp32_mul_sub_t300_i15_r02.json,/home/josephluke/Program-Synthesis-for-Efficient-ML/results/hyperparameter_sweep/quality_joint/raw/fp32_mul_sub_t300_i15_r02.log
fp32_mul_sub,fp32_mul,full_product,300,15,3,1,started,solved,True,15,15,15,0.21819277293980122,0.015492051839828491,210,14,1.7458627223968506,7044,-1,-1,-1,-1.0,-1.0,-1.0,-1.0,/home/josephluke/Program-Synthesis-for-Efficient-ML/results/hyperparameter_sweep/quality_joint/raw/fp32_mul_sub_t300_i15_r03.json,/home/josephluke/Program-Synthesis-for-Efficient-ML/results/hyperparameter_sweep/quality_joint/raw/fp32_mul_sub_t300_i15_r03.log
fp32_mul_sub,fp32_mul,full_product,300,30,1,1,started,solved,True,30,30,30,0.4525402318686247,0.016763290390372276,420,14,2.6925575733184814,7042,-1,-1,-1,-1.0,-1.0,-1.0,-1.0,/home/josephluke/Program-Synthesis-for-Efficient-ML/results/hyperparameter_sweep/quality_joint/raw/fp32_mul_sub_t300_i30_r01.json,/home/josephluke/Program-Synthesis-for-Efficient-ML/results/hyperparameter_sweep/quality_joint/raw/fp32_mul_sub_t300_i30_r01.log
fp32_mul_sub,fp32_mul,full_product,300,30,2,1,started,solved,True,30,30,30,0.4467728603631258,0.016850421205163002,420,14,2.7128055095672607,7043,-1,-1,-1,-1.0,-1.0,-1.0,-1.0,/home/josephluke/Program-Synthesis-for-Efficient-ML/results/hyperparameter_sweep/quality_joint/raw/fp32_mul_sub_t300_i30_r02.json,/home/josephluke/Program-Synthesis-for-Efficient-ML/results/hyperparameter_sweep/quality_joint/raw/fp32_mul_sub_t300_i30_r02.log
fp32_mul_sub,fp32_mul,full_product,300,30,3,1,started,solved,True,30,30,30,0.45361118391156197,0.017333338037133217,420,14,2.7235984802246094,7044,-1,-1,-1,-1.0,-1.0,-1.0,-1.0,/home/josephluke/Program-Synthesis-for-Efficient-ML/results/hyperparameter_sweep/quality_joint/raw/fp32_mul_sub_t300_i30_r03.json,/home/josephluke/Program-Synthesis-for-Efficient-ML/results/hyperparameter_sweep/quality_joint/raw/fp32_mul_sub_t300_i30_r03.log
