benchmark,timeout,num_iterations,runs,solve_successes,solve_rate,mean_solver_runtime_s,mean_wall_seconds,mean_accepted_constraints,mean_accuracy_exact_match,mean_within_rel_pct,mean_luts,composite_score
fp32_add_combined,10,5,3,3,1.0,2.682580403983593,50.2312236626943,1.0,,0.0374,116.0,0.0003224137931034483
fp32_add_combined,10,15,3,3,1.0,21.199595999593537,70.44120875994365,6.333333333333333,,0.21363333333333334,510.0,0.0004188888888888889
fp32_add_combined,10,30,3,3,1.0,164.88562185751894,214.6374832789103,9.666666666666666,,0.44226666666666664,734.0,0.0006025431425976384
fp32_add_combined,60,5,3,3,1.0,2.664292151108384,50.23825844128927,1.0,,0.0374,116.0,0.0003224137931034483
fp32_add_combined,60,15,3,3,1.0,58.38333776406944,107.69020700454712,6.333333333333333,,0.21363333333333334,510.0,0.0004188888888888889
fp32_add_combined,60,30,3,3,1.0,698.0736108279476,747.8633966445923,12.0,,0.46196666666666664,698.3333333333334,0.0006615274463007159
fp32_add_combined,300,5,3,3,1.0,2.682307900240024,50.23925765355428,1.0,,0.0374,116.0,0.0003224137931034483
fp32_add_combined,300,15,3,3,1.0,218.46993849985301,267.66328199704486,6.333333333333333,,0.21363333333333334,510.0,0.0004188888888888889
fp32_add_combined,300,30,3,3,1.0,3018.94356078282,3068.700551430384,12.333333333333334,,0.48323333333333335,662.6666666666666,0.0007292253521126762
fp32_add_sub,10,5,3,3,1.0,0.08506059770782788,1.100002368291219,5.0,,,,
fp32_add_sub,10,15,3,3,1.0,0.2865240778774023,1.7260514100392659,15.0,,,,
fp32_add_sub,10,30,3,3,1.0,0.6564786906043688,3.066685756047567,30.0,,,,
fp32_add_sub,60,5,3,3,1.0,0.08618043114741643,1.1022802988688152,5.0,,,,
fp32_add_sub,60,15,3,3,1.0,0.2850775495171547,1.7179241975148518,15.0,,,,
fp32_add_sub,60,30,3,3,1.0,0.655671980852882,3.0461400349934897,30.0,,,,
fp32_add_sub,300,5,3,3,1.0,0.08605227929850419,1.10367751121521,5.0,,,,
fp32_add_sub,300,15,3,3,1.0,0.28096585472424823,1.707864761352539,15.0,,,,
fp32_add_sub,300,30,3,3,1.0,0.6636814145992199,3.052741845448812,30.0,,,,
fp32_mul_combined,10,5,3,3,1.0,0.19063822800914446,45.26923402150472,5.0,,0.9046,87.0,0.010397701149425287
fp32_mul_combined,10,15,3,3,1.0,0.7190799290935198,45.99324973424276,15.0,,0.9046,140.0,0.006461428571428571
fp32_mul_combined,10,30,3,3,1.0,1.826265726859371,46.985379139582314,30.0,,0.9046,140.0,0.006461428571428571
fp32_mul_combined,60,5,3,3,1.0,0.19112114732464155,45.19770129521688,5.0,,0.9046,87.0,0.010397701149425287
fp32_mul_combined,60,15,3,3,1.0,0.7167780374487241,45.8468648592631,15.0,,0.9046,140.0,0.006461428571428571
fp32_mul_combined,60,30,3,3,1.0,1.8223953402290742,47.01302178700765,30.0,,0.9046,140.0,0.006461428571428571
fp32_mul_combined,300,5,3,3,1.0,0.1909686177968979,45.2177931467692,5.0,,0.9046,87.0,0.010397701149425287
fp32_mul_combined,300,15,3,3,1.0,0.7181198913604021,45.877488692601524,15.0,,0.9046,140.0,0.006461428571428571
fp32_mul_combined,300,30,3,3,1.0,1.8199654463678598,46.95343168576559,30.0,,0.9046,140.0,0.006461428571428571
fp32_mul_sub,10,5,3,3,1.0,0.07074280083179474,1.1548572381337483,5.0,,,,
fp32_mul_sub,10,15,3,3,1.0,0.21565589867532253,1.7446072896321614,15.0,,,,
fp32_mul_sub,10,30,3,3,1.0,0.4551096720000108,2.7061474323272705,30.0,,,,
fp32_mul_sub,60,5,3,3,1.0,0.07158532614509265,1.1741695404052734,5.0,,,,
fp32_mul_sub,60,15,3,3,1.0,0.21791941796739897,1.745721975962321,15.0,,,,
fp32_mul_sub,60,30,3,3,1.0,0.45143408328294754,2.7011024157206216,30.0,,,,
fp32_mul_sub,300,5,3,3,1.0,0.07086753410597642,1.289244572321574,5.0,,,,
fp32_mul_sub,300,15,3,3,1.0,0.2149772197008133,1.7366456985473633,15.0,,,,
fp32_mul_sub,300,30,3,3,1.0,0.4509747587144375,2.709653854370117,30.0,,,,
mxint8_add_combined,10,5,3,1,0.3333333333333333,0.18628307556112608,23.395580927530926,0.3333333333333333,,0.053,124.0,0.00042741935483870964
mxint8_add_combined,10,15,3,3,1.0,6.657661556576689,76.51185758908589,3.6666666666666665,,0.40606666666666663,245.0,0.0016574149659863945
mxint8_add_combined,10,30,3,3,1.0,68.32161117965977,138.63881381352743,10.0,,0.7690666666666667,348.3333333333333,0.002207846889952153
mxint8_add_combined,60,5,3,1,0.3333333333333333,0.19237505147854486,24.01242510477702,0.3333333333333333,,0.0527,124.0,0.000425
mxint8_add_combined,60,15,3,3,1.0,7.327592949693401,78.02250997225444,3.6666666666666665,,0.4058,245.0,0.001656326530612245
mxint8_add_combined,60,30,3,3,1.0,217.1952360725651,288.202552318573,10.0,,0.7686999999999999,348.3333333333333,0.002206794258373206
mxint8_add_combined,300,5,3,1,0.3333333333333333,0.192196079219381,24.04690933227539,0.3333333333333333,,0.0513,124.0,0.00041370967741935483
mxint8_add_combined,300,15,3,3,1.0,7.360627961034576,78.01727032661438,3.6666666666666665,,0.40723333333333334,245.0,0.0016621768707482994
mxint8_add_combined,300,30,3,3,1.0,721.0783980985483,792.3370917638143,10.0,,0.7684666666666667,348.3333333333333,0.0022061244019138757
mxint8_add_sub,10,5,3,3,1.0,0.034304349372784294,1.3074048360188801,3.3333333333333335,,,,
mxint8_add_sub,10,15,3,3,1.0,0.10725591083367665,2.689872980117798,11.666666666666666,,,,
mxint8_add_sub,10,30,3,3,1.0,0.2287378634015719,17.413104852040608,25.0,,,,
mxint8_add_sub,60,5,3,3,1.0,0.03448701091110706,1.3003961245218914,3.3333333333333335,,,,
mxint8_add_sub,60,15,3,3,1.0,0.10770174115896225,2.67260471979777,11.666666666666666,,,,
mxint8_add_sub,60,30,3,3,1.0,0.22727377712726593,17.434334357579548,25.0,,,,
mxint8_add_sub,300,5,3,3,1.0,0.03479783795773983,1.2952646414438884,3.3333333333333335,,,,
mxint8_add_sub,300,15,3,3,1.0,0.10823223615686099,2.6803590456644693,11.666666666666666,,,,
mxint8_add_sub,300,30,3,3,1.0,0.22692801306645075,17.438385486602783,25.0,,,,
mxint8_mul_combined,10,5,3,3,1.0,0.2071580501894156,70.02515927950542,2.6666666666666665,,0.7856333333333335,26.333333333333332,0.029834177215189883
mxint8_mul_combined,10,15,3,3,1.0,22.44130637558798,92.41128611564636,8.0,,0.7874666666666666,26.333333333333332,0.02990379746835443
mxint8_mul_combined,10,30,3,3,1.0,80.50771809058885,150.52845788002014,16.333333333333332,,0.7875333333333333,26.333333333333332,0.02990632911392405
mxint8_mul_combined,60,5,3,3,1.0,0.2078877699871858,70.3493139743805,2.6666666666666665,,0.7860999999999999,26.333333333333332,0.029851898734177214
mxint8_mul_combined,60,15,3,3,1.0,43.579031978423394,113.63232390085857,8.0,,0.7853,26.333333333333332,0.029821518987341773
mxint8_mul_combined,60,30,3,3,1.0,210.91137120996913,281.0105341275533,16.333333333333332,,0.7867666666666665,26.333333333333332,0.029877215189873414
mxint8_mul_combined,300,5,3,3,1.0,0.2072854054470857,70.13196746508281,2.6666666666666665,,0.7860333333333335,26.333333333333332,0.029849367088607602
mxint8_mul_combined,300,15,3,3,1.0,43.55139585956931,113.59775098164876,8.0,,0.7853,26.333333333333332,0.029821518987341773
mxint8_mul_combined,300,30,3,3,1.0,207.29902770991126,276.680393298467,16.333333333333332,,0.7859333333333334,26.333333333333332,0.029845569620253167
mxint8_mul_sub,10,5,3,0,0.0,,7.219935337702434,,,,,
mxint8_mul_sub,10,15,3,0,0.0,,47.50362809499105,,,,,
mxint8_mul_sub,10,30,3,0,0.0,,134.10405468940735,,,,,
mxint8_mul_sub,60,5,3,0,0.0,,19.057517687479656,,,,,
mxint8_mul_sub,60,15,3,0,0.0,,324.8025213082631,,,,,
mxint8_mul_sub,60,30,3,0,0.0,,912.6856134732565,,,,,
mxint8_mul_sub,300,5,3,0,0.0,,19.297281901041668,,,,,
mxint8_mul_sub,300,15,3,0,0.0,,849.3218859831492,,,,,
mxint8_mul_sub,300,30,3,0,0.0,,4437.843847354253,,,,,
