benchmark,synth_target,component,timeout,num_iterations,repetition,driver_returncode,run_status,component_solve_status,solution_found,accepted_constraints,total_constraints,solver_attempts,solver_runtime_seconds_total,solver_runtime_seconds_max,enum_count_primary_total,enum_count_primary_last,wall_seconds,random_seed,luts,ffs,dsps,fmax_mhz,latency_ns,adp_lut_ns,accuracy_exact_match,within_rel_pct,abs_err_avg,abs_err_max,summary_path,log_path
mxint8_add_v2,mxint8_add,full_sum_v2,30,15,1,0,solved,solved,True,8,15,15,53.53302889689803,30.048546655103564,173295,70949,95.62031650543213,42,693,0,0,45.869,21.8012,15108.231600000001,-1.0,-1.0,-1.0,-1.0,/home/josephluke/Program-Synthesis-for-Efficient-ML/results/hyperparameter_sweep/coarse/raw/mxint8_add_v2_t30_i15_r01.json,/home/josephluke/Program-Synthesis-for-Efficient-ML/results/hyperparameter_sweep/coarse/raw/mxint8_add_v2_t30_i15_r01.log
mxint8_add_v2,mxint8_add,full_sum_v2,30,15,2,0,solved,solved,True,7,15,15,146.82822789810598,30.04726330190897,581679,153574,188.8761637210846,43,523,0,0,43.812,22.8248,11937.3704,-1.0,-1.0,-1.0,-1.0,/home/josephluke/Program-Synthesis-for-Efficient-ML/results/hyperparameter_sweep/coarse/raw/mxint8_add_v2_t30_i15_r02.json,/home/josephluke/Program-Synthesis-for-Efficient-ML/results/hyperparameter_sweep/coarse/raw/mxint8_add_v2_t30_i15_r02.log
mxint8_add_v2,mxint8_add,full_sum_v2,30,15,3,0,solved,solved,True,9,15,15,198.7815553434193,30.04692775569856,481503,138132,240.90633010864258,44,780,0,0,45.169,22.1391,17268.498,-1.0,-1.0,-1.0,-1.0,/home/josephluke/Program-Synthesis-for-Efficient-ML/results/hyperparameter_sweep/coarse/raw/mxint8_add_v2_t30_i15_r03.json,/home/josephluke/Program-Synthesis-for-Efficient-ML/results/hyperparameter_sweep/coarse/raw/mxint8_add_v2_t30_i15_r03.log
mxint8_add_v2,mxint8_add,full_sum_v2,30,30,1,0,solved,solved,True,13,30,30,441.67702076397836,30.04856281541288,598485,115654,483.5080225467682,42,697,0,0,45.869,21.8012,15195.4364,-1.0,-1.0,-1.0,-1.0,/home/josephluke/Program-Synthesis-for-Efficient-ML/results/hyperparameter_sweep/coarse/raw/mxint8_add_v2_t30_i30_r01.json,/home/josephluke/Program-Synthesis-for-Efficient-ML/results/hyperparameter_sweep/coarse/raw/mxint8_add_v2_t30_i30_r01.log
mxint8_add_v2,mxint8_add,full_sum_v2,30,30,2,0,solved,solved,True,7,30,30,596.2051177900285,30.04869175516069,581679,153574,638.2526998519897,43,523,0,0,43.812,22.8248,11937.3704,-1.0,-1.0,-1.0,-1.0,/home/josephluke/Program-Synthesis-for-Efficient-ML/results/hyperparameter_sweep/coarse/raw/mxint8_add_v2_t30_i30_r02.json,/home/josephluke/Program-Synthesis-for-Efficient-ML/results/hyperparameter_sweep/coarse/raw/mxint8_add_v2_t30_i30_r02.log
mxint8_add_v2,mxint8_add,full_sum_v2,30,30,3,0,solved,solved,True,11,30,30,646.3013239372522,30.048176258802414,760885,139796,688.3282816410065,44,780,0,0,45.169,22.1391,17268.498,-1.0,-1.0,-1.0,-1.0,/home/josephluke/Program-Synthesis-for-Efficient-ML/results/hyperparameter_sweep/coarse/raw/mxint8_add_v2_t30_i30_r03.json,/home/josephluke/Program-Synthesis-for-Efficient-ML/results/hyperparameter_sweep/coarse/raw/mxint8_add_v2_t30_i30_r03.log
mxint8_add_v2,mxint8_add,full_sum_v2,60,15,1,0,solved,solved,True,8,15,15,161.79629321023822,60.036339873448014,599847,254733,203.90258598327637,42,723,0,0,42.569,23.4913,16984.209899999998,-1.0,-1.0,-1.0,-1.0,/home/josephluke/Program-Synthesis-for-Efficient-ML/results/hyperparameter_sweep/coarse/raw/mxint8_add_v2_t60_i15_r01.json,/home/josephluke/Program-Synthesis-for-Efficient-ML/results/hyperparameter_sweep/coarse/raw/mxint8_add_v2_t60_i15_r01.log
mxint8_add_v2,mxint8_add,full_sum_v2,60,15,2,0,solved,solved,True,8,15,15,196.73676240071654,60.090936832129955,834741,253062,238.8001673221588,43,752,0,0,43.812,22.8248,17164.2496,-1.0,-1.0,-1.0,-1.0,/home/josephluke/Program-Synthesis-for-Efficient-ML/results/hyperparameter_sweep/coarse/raw/mxint8_add_v2_t60_i15_r02.json,/home/josephluke/Program-Synthesis-for-Efficient-ML/results/hyperparameter_sweep/coarse/raw/mxint8_add_v2_t60_i15_r02.log
mxint8_add_v2,mxint8_add,full_sum_v2,60,15,3,0,solved,solved,True,10,15,15,295.2399606779218,60.08905944786966,664684,183181,337.28584456443787,44,780,0,0,45.169,22.1391,17268.498,-1.0,-1.0,-1.0,-1.0,/home/josephluke/Program-Synthesis-for-Efficient-ML/results/hyperparameter_sweep/coarse/raw/mxint8_add_v2_t60_i15_r03.json,/home/josephluke/Program-Synthesis-for-Efficient-ML/results/hyperparameter_sweep/coarse/raw/mxint8_add_v2_t60_i15_r03.log
mxint8_add_v2,mxint8_add,full_sum_v2,60,30,1,0,solved,solved,True,9,30,30,1059.0772306732833,60.088977398350835,876876,277029,1101.144607782364,42,723,0,0,42.569,23.4913,16984.209899999998,-1.0,-1.0,-1.0,-1.0,/home/josephluke/Program-Synthesis-for-Efficient-ML/results/hyperparameter_sweep/coarse/raw/mxint8_add_v2_t60_i30_r01.json,/home/josephluke/Program-Synthesis-for-Efficient-ML/results/hyperparameter_sweep/coarse/raw/mxint8_add_v2_t60_i30_r01.log
mxint8_add_v2,mxint8_add,full_sum_v2,60,30,2,0,solved,solved,True,9,30,30,1092.1306168474257,60.09067081287503,1109670,274929,1134.190661430359,43,752,0,0,43.812,22.8248,17164.2496,-1.0,-1.0,-1.0,-1.0,/home/josephluke/Program-Synthesis-for-Efficient-ML/results/hyperparameter_sweep/coarse/raw/mxint8_add_v2_t60_i30_r02.json,/home/josephluke/Program-Synthesis-for-Efficient-ML/results/hyperparameter_sweep/coarse/raw/mxint8_add_v2_t60_i30_r02.log
mxint8_add_v2,mxint8_add,full_sum_v2,60,30,3,0,solved,solved,True,11,30,30,1195.258387234062,60.08995676226914,931685,267001,1237.3953564167023,44,780,0,0,45.169,22.1391,17268.498,-1.0,-1.0,-1.0,-1.0,/home/josephluke/Program-Synthesis-for-Efficient-ML/results/hyperparameter_sweep/coarse/raw/mxint8_add_v2_t60_i30_r03.json,/home/josephluke/Program-Synthesis-for-Efficient-ML/results/hyperparameter_sweep/coarse/raw/mxint8_add_v2_t60_i30_r03.log
mxint8_add_v2,mxint8_add,full_sum_v2,180,15,1,0,solved,solved,True,9,15,15,229.01933115161955,127.73083143867552,1195737,595890,271.0455141067505,42,723,0,0,42.569,23.4913,16984.209899999998,-1.0,-1.0,-1.0,-1.0,/home/josephluke/Program-Synthesis-for-Efficient-ML/results/hyperparameter_sweep/coarse/raw/mxint8_add_v2_t180_i15_r01.json,/home/josephluke/Program-Synthesis-for-Efficient-ML/results/hyperparameter_sweep/coarse/raw/mxint8_add_v2_t180_i15_r01.log
mxint8_add_v2,mxint8_add,full_sum_v2,180,15,2,0,solved,solved,True,8,15,15,313.70623186416924,180.1165279392153,834741,253062,355.7943117618561,43,752,0,0,43.812,22.8248,17164.2496,-1.0,-1.0,-1.0,-1.0,/home/josephluke/Program-Synthesis-for-Efficient-ML/results/hyperparameter_sweep/coarse/raw/mxint8_add_v2_t180_i15_r02.json,/home/josephluke/Program-Synthesis-for-Efficient-ML/results/hyperparameter_sweep/coarse/raw/mxint8_add_v2_t180_i15_r02.log
mxint8_add_v2,mxint8_add,full_sum_v2,180,15,3,0,solved,solved,True,11,15,15,718.1059685815126,180.1631600316614,1705084,450859,760.1967585086823,44,780,0,0,45.169,22.1391,17268.498,-1.0,-1.0,-1.0,-1.0,/home/josephluke/Program-Synthesis-for-Efficient-ML/results/hyperparameter_sweep/coarse/raw/mxint8_add_v2_t180_i15_r03.json,/home/josephluke/Program-Synthesis-for-Efficient-ML/results/hyperparameter_sweep/coarse/raw/mxint8_add_v2_t180_i15_r03.log
mxint8_add_v2,mxint8_add,full_sum_v2,180,30,1,0,solved,solved,True,12,30,30,2848.6002824045718,180.16776599548757,3159475,711812,2890.577210664749,42,723,0,0,42.569,23.4913,16984.209899999998,-1.0,-1.0,-1.0,-1.0,/home/josephluke/Program-Synthesis-for-Efficient-ML/results/hyperparameter_sweep/coarse/raw/mxint8_add_v2_t180_i30_r01.json,/home/josephluke/Program-Synthesis-for-Efficient-ML/results/hyperparameter_sweep/coarse/raw/mxint8_add_v2_t180_i30_r01.log
mxint8_add_v2,mxint8_add,full_sum_v2,180,30,2,0,solved,solved,True,15,30,30,2553.0698639247566,180.17024593800306,3977268,590746,2595.240697622299,43,752,0,0,43.812,22.8248,17164.2496,-1.0,-1.0,-1.0,-1.0,/home/josephluke/Program-Synthesis-for-Efficient-ML/results/hyperparameter_sweep/coarse/raw/mxint8_add_v2_t180_i30_r02.json,/home/josephluke/Program-Synthesis-for-Efficient-ML/results/hyperparameter_sweep/coarse/raw/mxint8_add_v2_t180_i30_r02.log
mxint8_add_v2,mxint8_add,full_sum_v2,180,30,3,0,solved,solved,True,17,30,30,3174.8023316767067,180.16868044249713,4624698,509807,3216.8545088768005,44,780,0,0,45.169,22.1391,17268.498,-1.0,-1.0,-1.0,-1.0,/home/josephluke/Program-Synthesis-for-Efficient-ML/results/hyperparameter_sweep/coarse/raw/mxint8_add_v2_t180_i30_r03.json,/home/josephluke/Program-Synthesis-for-Efficient-ML/results/hyperparameter_sweep/coarse/raw/mxint8_add_v2_t180_i30_r03.log
mxint8_mul_v2,mxint8_mul,full_product_v2,30,15,1,0,solved,solved,True,9,15,15,19.248245177790523,5.359425423666835,3602743,273373,60.75416874885559,1042,26,0,0,427.35,2.34,60.839999999999996,-1.0,-1.0,-1.0,-1.0,/home/josephluke/Program-Synthesis-for-Efficient-ML/results/hyperparameter_sweep/coarse/raw/mxint8_mul_v2_t30_i15_r01.json,/home/josephluke/Program-Synthesis-for-Efficient-ML/results/hyperparameter_sweep/coarse/raw/mxint8_mul_v2_t30_i15_r01.log
mxint8_mul_v2,mxint8_mul,full_product_v2,30,15,2,0,solved,solved,True,9,15,15,6.283669443801045,2.926818808540702,1268025,114,47.734747886657715,1043,27,0,0,301.568,3.316,89.532,-1.0,-1.0,-1.0,-1.0,/home/josephluke/Program-Synthesis-for-Efficient-ML/results/hyperparameter_sweep/coarse/raw/mxint8_mul_v2_t30_i15_r02.json,/home/josephluke/Program-Synthesis-for-Efficient-ML/results/hyperparameter_sweep/coarse/raw/mxint8_mul_v2_t30_i15_r02.log
mxint8_mul_v2,mxint8_mul,full_product_v2,30,15,3,0,solved,solved,True,6,15,15,84.3273505717516,30.03429507277906,10685333,3781236,126.15270948410034,1044,26,0,0,427.35,2.34,60.839999999999996,-1.0,-1.0,-1.0,-1.0,/home/josephluke/Program-Synthesis-for-Efficient-ML/results/hyperparameter_sweep/coarse/raw/mxint8_mul_v2_t30_i15_r03.json,/home/josephluke/Program-Synthesis-for-Efficient-ML/results/hyperparameter_sweep/coarse/raw/mxint8_mul_v2_t30_i15_r03.log
mxint8_mul_v2,mxint8_mul,full_product_v2,30,30,1,0,solved,solved,True,17,30,30,117.59485227800906,17.747128477320075,20405920,2823230,159.5465223789215,1042,26,0,0,427.35,2.34,60.839999999999996,-1.0,-1.0,-1.0,-1.0,/home/josephluke/Program-Synthesis-for-Efficient-ML/results/hyperparameter_sweep/coarse/raw/mxint8_mul_v2_t30_i30_r01.json,/home/josephluke/Program-Synthesis-for-Efficient-ML/results/hyperparameter_sweep/coarse/raw/mxint8_mul_v2_t30_i30_r01.log
mxint8_mul_v2,mxint8_mul,full_product_v2,30,30,2,0,solved,solved,True,17,30,30,24.985267505049706,5.395973080769181,4963898,126,66.85435748100281,1043,27,0,0,301.568,3.316,89.532,-1.0,-1.0,-1.0,-1.0,/home/josephluke/Program-Synthesis-for-Efficient-ML/results/hyperparameter_sweep/coarse/raw/mxint8_mul_v2_t30_i30_r02.json,/home/josephluke/Program-Synthesis-for-Efficient-ML/results/hyperparameter_sweep/coarse/raw/mxint8_mul_v2_t30_i30_r02.log
mxint8_mul_v2,mxint8_mul,full_product_v2,30,30,3,0,solved,solved,True,12,30,30,354.26666965149343,30.034699447453022,10685495,27,395.8184485435486,1044,26,0,0,427.35,2.34,60.839999999999996,-1.0,-1.0,-1.0,-1.0,/home/josephluke/Program-Synthesis-for-Efficient-ML/results/hyperparameter_sweep/coarse/raw/mxint8_mul_v2_t30_i30_r03.json,/home/josephluke/Program-Synthesis-for-Efficient-ML/results/hyperparameter_sweep/coarse/raw/mxint8_mul_v2_t30_i30_r03.log
mxint8_mul_v2,mxint8_mul,full_product_v2,60,15,1,0,solved,solved,True,9,15,15,19.19836024940014,5.323672316968441,3602743,273373,61.14743399620056,1042,26,0,0,427.35,2.34,60.839999999999996,-1.0,-1.0,-1.0,-1.0,/home/josephluke/Program-Synthesis-for-Efficient-ML/results/hyperparameter_sweep/coarse/raw/mxint8_mul_v2_t60_i15_r01.json,/home/josephluke/Program-Synthesis-for-Efficient-ML/results/hyperparameter_sweep/coarse/raw/mxint8_mul_v2_t60_i15_r01.log
mxint8_mul_v2,mxint8_mul,full_product_v2,60,15,2,0,solved,solved,True,9,15,15,6.2700281254947186,2.902310386300087,1268025,114,48.149397134780884,1043,27,0,0,301.568,3.316,89.532,-1.0,-1.0,-1.0,-1.0,/home/josephluke/Program-Synthesis-for-Efficient-ML/results/hyperparameter_sweep/coarse/raw/mxint8_mul_v2_t60_i15_r02.json,/home/josephluke/Program-Synthesis-for-Efficient-ML/results/hyperparameter_sweep/coarse/raw/mxint8_mul_v2_t60_i15_r02.log
mxint8_mul_v2,mxint8_mul,full_product_v2,60,15,3,0,solved,solved,True,6,15,15,92.00581295602024,38.58556970208883,17916679,7231346,133.53724551200867,1044,26,0,0,427.35,2.34,60.839999999999996,-1.0,-1.0,-1.0,-1.0,/home/josephluke/Program-Synthesis-for-Efficient-ML/results/hyperparameter_sweep/coarse/raw/mxint8_mul_v2_t60_i15_r03.json,/home/josephluke/Program-Synthesis-for-Efficient-ML/results/hyperparameter_sweep/coarse/raw/mxint8_mul_v2_t60_i15_r03.log
mxint8_mul_v2,mxint8_mul,full_product_v2,60,30,1,0,solved,solved,True,17,30,30,117.13099148310721,17.5847586710006,20405920,2823230,159.03316044807434,1042,26,0,0,427.35,2.34,60.839999999999996,-1.0,-1.0,-1.0,-1.0,/home/josephluke/Program-Synthesis-for-Efficient-ML/results/hyperparameter_sweep/coarse/raw/mxint8_mul_v2_t60_i30_r01.json,/home/josephluke/Program-Synthesis-for-Efficient-ML/results/hyperparameter_sweep/coarse/raw/mxint8_mul_v2_t60_i30_r01.log
mxint8_mul_v2,mxint8_mul,full_product_v2,60,30,2,0,solved,solved,True,17,30,30,25.120204156264663,5.407771518453956,4963898,126,66.58331513404846,1043,27,0,0,301.568,3.316,89.532,-1.0,-1.0,-1.0,-1.0,/home/josephluke/Program-Synthesis-for-Efficient-ML/results/hyperparameter_sweep/coarse/raw/mxint8_mul_v2_t60_i30_r02.json,/home/josephluke/Program-Synthesis-for-Efficient-ML/results/hyperparameter_sweep/coarse/raw/mxint8_mul_v2_t60_i30_r02.log
mxint8_mul_v2,mxint8_mul,full_product_v2,60,30,3,0,solved,solved,True,12,30,30,419.5181497056037,51.93656580708921,76995828,6639471,461.2119448184967,1044,26,0,0,427.35,2.34,60.839999999999996,-1.0,-1.0,-1.0,-1.0,/home/josephluke/Program-Synthesis-for-Efficient-ML/results/hyperparameter_sweep/coarse/raw/mxint8_mul_v2_t60_i30_r03.json,/home/josephluke/Program-Synthesis-for-Efficient-ML/results/hyperparameter_sweep/coarse/raw/mxint8_mul_v2_t60_i30_r03.log
mxint8_mul_v2,mxint8_mul,full_product_v2,180,15,1,0,solved,solved,True,9,15,15,18.018697075545788,4.98943348787725,3602743,273373,59.74285531044006,1042,26,0,0,427.35,2.34,60.839999999999996,-1.0,-1.0,-1.0,-1.0,/home/josephluke/Program-Synthesis-for-Efficient-ML/results/hyperparameter_sweep/coarse/raw/mxint8_mul_v2_t180_i15_r01.json,/home/josephluke/Program-Synthesis-for-Efficient-ML/results/hyperparameter_sweep/coarse/raw/mxint8_mul_v2_t180_i15_r01.log
mxint8_mul_v2,mxint8_mul,full_product_v2,180,15,2,0,solved,solved,True,9,15,15,5.873057512566447,2.7338489815592766,1268025,114,47.614089250564575,1043,27,0,0,301.568,3.316,89.532,-1.0,-1.0,-1.0,-1.0,/home/josephluke/Program-Synthesis-for-Efficient-ML/results/hyperparameter_sweep/coarse/raw/mxint8_mul_v2_t180_i15_r02.json,/home/josephluke/Program-Synthesis-for-Efficient-ML/results/hyperparameter_sweep/coarse/raw/mxint8_mul_v2_t180_i15_r02.log
mxint8_mul_v2,mxint8_mul,full_product_v2,180,15,3,0,solved,solved,True,6,15,15,86.20397293567657,36.09348645620048,17916679,7231346,127.71902656555176,1044,26,0,0,427.35,2.34,60.839999999999996,-1.0,-1.0,-1.0,-1.0,/home/josephluke/Program-Synthesis-for-Efficient-ML/results/hyperparameter_sweep/coarse/raw/mxint8_mul_v2_t180_i15_r03.json,/home/josephluke/Program-Synthesis-for-Efficient-ML/results/hyperparameter_sweep/coarse/raw/mxint8_mul_v2_t180_i15_r03.log
mxint8_mul_v2,mxint8_mul,full_product_v2,180,30,1,0,solved,solved,True,17,30,30,117.15774779394269,17.794141260907054,20405920,2823230,159.06677913665771,1042,26,0,0,427.35,2.34,60.839999999999996,-1.0,-1.0,-1.0,-1.0,/home/josephluke/Program-Synthesis-for-Efficient-ML/results/hyperparameter_sweep/coarse/raw/mxint8_mul_v2_t180_i30_r01.json,/home/josephluke/Program-Synthesis-for-Efficient-ML/results/hyperparameter_sweep/coarse/raw/mxint8_mul_v2_t180_i30_r01.log
mxint8_mul_v2,mxint8_mul,full_product_v2,180,30,2,0,solved,solved,True,17,30,30,25.026209894567728,5.389452904462814,4963898,126,66.62548112869263,1043,27,0,0,301.568,3.316,89.532,-1.0,-1.0,-1.0,-1.0,/home/josephluke/Program-Synthesis-for-Efficient-ML/results/hyperparameter_sweep/coarse/raw/mxint8_mul_v2_t180_i30_r02.json,/home/josephluke/Program-Synthesis-for-Efficient-ML/results/hyperparameter_sweep/coarse/raw/mxint8_mul_v2_t180_i30_r02.log
mxint8_mul_v2,mxint8_mul,full_product_v2,180,30,3,0,solved,solved,True,12,30,30,423.68883202783763,52.95251419954002,76995828,6639471,465.2826588153839,1044,26,0,0,427.35,2.34,60.839999999999996,-1.0,-1.0,-1.0,-1.0,/home/josephluke/Program-Synthesis-for-Efficient-ML/results/hyperparameter_sweep/coarse/raw/mxint8_mul_v2_t180_i30_r03.json,/home/josephluke/Program-Synthesis-for-Efficient-ML/results/hyperparameter_sweep/coarse/raw/mxint8_mul_v2_t180_i30_r03.log
fp32_add_v2,fp32_add,full_sum_v2,30,15,1,0,solved,solved,True,11,15,27,21.820006920024753,4.887523924931884,236691,8849,64.39272856712341,2042,604,0,0,239.292,4.179,2524.116,-1.0,-1.0,-1.0,-1.0,/home/josephluke/Program-Synthesis-for-Efficient-ML/results/hyperparameter_sweep/coarse/raw/fp32_add_v2_t30_i15_r01.json,/home/josephluke/Program-Synthesis-for-Efficient-ML/results/hyperparameter_sweep/coarse/raw/fp32_add_v2_t30_i15_r01.log
fp32_add_v2,fp32_add,full_sum_v2,30,15,2,0,solved,solved,True,10,15,28,93.92977630719543,30.038718519732356,287461,69787,136.45435428619385,2043,734,0,0,239.292,4.179,3067.3860000000004,-1.0,-1.0,-1.0,-1.0,/home/josephluke/Program-Synthesis-for-Efficient-ML/results/hyperparameter_sweep/coarse/raw/fp32_add_v2_t30_i15_r02.json,/home/josephluke/Program-Synthesis-for-Efficient-ML/results/hyperparameter_sweep/coarse/raw/fp32_add_v2_t30_i15_r02.log
fp32_add_v2,fp32_add,full_sum_v2,30,15,3,0,solved,solved,True,10,15,28,77.19390263594687,30.039686342701316,227278,9604,119.64724230766296,2044,604,0,0,239.292,4.179,2524.116,-1.0,-1.0,-1.0,-1.0,/home/josephluke/Program-Synthesis-for-Efficient-ML/results/hyperparameter_sweep/coarse/raw/fp32_add_v2_t30_i15_r03.json,/home/josephluke/Program-Synthesis-for-Efficient-ML/results/hyperparameter_sweep/coarse/raw/fp32_add_v2_t30_i15_r03.log
fp32_add_v2,fp32_add,full_sum_v2,30,30,1,0,solved,solved,True,15,30,61,1029.9625521544367,30.040723606944084,673731,110355,1072.4856626987457,2042,734,0,0,239.292,4.179,3067.3860000000004,-1.0,-1.0,-1.0,-1.0,/home/josephluke/Program-Synthesis-for-Efficient-ML/results/hyperparameter_sweep/coarse/raw/fp32_add_v2_t30_i30_r01.json,/home/josephluke/Program-Synthesis-for-Efficient-ML/results/hyperparameter_sweep/coarse/raw/fp32_add_v2_t30_i30_r01.log
fp32_add_v2,fp32_add,full_sum_v2,30,30,2,0,solved,solved,True,14,30,56,903.1668044384569,30.04051759839058,707489,110889,945.5313529968262,2043,765,0,0,239.292,4.179,3196.9350000000004,-1.0,-1.0,-1.0,-1.0,/home/josephluke/Program-Synthesis-for-Efficient-ML/results/hyperparameter_sweep/coarse/raw/fp32_add_v2_t30_i30_r02.json,/home/josephluke/Program-Synthesis-for-Efficient-ML/results/hyperparameter_sweep/coarse/raw/fp32_add_v2_t30_i30_r02.log
fp32_add_v2,fp32_add,full_sum_v2,30,30,3,0,solved,solved,True,16,30,56,856.6734405942261,30.041386744007468,751002,106003,899.1203622817993,2044,734,0,0,239.292,4.179,3067.3860000000004,-1.0,-1.0,-1.0,-1.0,/home/josephluke/Program-Synthesis-for-Efficient-ML/results/hyperparameter_sweep/coarse/raw/fp32_add_v2_t30_i30_r03.json,/home/josephluke/Program-Synthesis-for-Efficient-ML/results/hyperparameter_sweep/coarse/raw/fp32_add_v2_t30_i30_r03.log
fp32_add_v2,fp32_add,full_sum_v2,60,15,1,0,solved,solved,True,11,15,27,21.761279441416264,4.842217821627855,236691,8849,64.20881986618042,2042,604,0,0,239.292,4.179,2524.116,-1.0,-1.0,-1.0,-1.0,/home/josephluke/Program-Synthesis-for-Efficient-ML/results/hyperparameter_sweep/coarse/raw/fp32_add_v2_t60_i15_r01.json,/home/josephluke/Program-Synthesis-for-Efficient-ML/results/hyperparameter_sweep/coarse/raw/fp32_add_v2_t60_i15_r01.log
fp32_add_v2,fp32_add,full_sum_v2,60,15,2,0,solved,solved,True,10,15,28,153.75668093375862,60.074632953852415,287461,69787,196.18581128120422,2043,734,0,0,239.292,4.179,3067.3860000000004,-1.0,-1.0,-1.0,-1.0,/home/josephluke/Program-Synthesis-for-Efficient-ML/results/hyperparameter_sweep/coarse/raw/fp32_add_v2_t60_i15_r02.json,/home/josephluke/Program-Synthesis-for-Efficient-ML/results/hyperparameter_sweep/coarse/raw/fp32_add_v2_t60_i15_r02.log
fp32_add_v2,fp32_add,full_sum_v2,60,15,3,0,solved,solved,True,10,15,28,137.25145745649934,60.07474824599922,227278,9604,179.85770630836487,2044,604,0,0,239.292,4.179,2524.116,-1.0,-1.0,-1.0,-1.0,/home/josephluke/Program-Synthesis-for-Efficient-ML/results/hyperparameter_sweep/coarse/raw/fp32_add_v2_t60_i15_r03.json,/home/josephluke/Program-Synthesis-for-Efficient-ML/results/hyperparameter_sweep/coarse/raw/fp32_add_v2_t60_i15_r03.log
fp32_add_v2,fp32_add,full_sum_v2,60,30,1,0,solved,solved,True,18,30,58,1799.907941101119,60.07574036158621,1140122,131381,1842.3559124469757,2042,606,0,0,239.292,4.179,2532.474,-1.0,-1.0,-1.0,-1.0,/home/josephluke/Program-Synthesis-for-Efficient-ML/results/hyperparameter_sweep/coarse/raw/fp32_add_v2_t60_i30_r01.json,/home/josephluke/Program-Synthesis-for-Efficient-ML/results/hyperparameter_sweep/coarse/raw/fp32_add_v2_t60_i30_r01.log
fp32_add_v2,fp32_add,full_sum_v2,60,30,2,0,solved,solved,True,16,30,56,1660.7879971042275,60.076911110430956,928035,112773,1703.3569641113281,2043,765,0,0,239.292,4.179,3196.9350000000004,-1.0,-1.0,-1.0,-1.0,/home/josephluke/Program-Synthesis-for-Efficient-ML/results/hyperparameter_sweep/coarse/raw/fp32_add_v2_t60_i30_r02.json,/home/josephluke/Program-Synthesis-for-Efficient-ML/results/hyperparameter_sweep/coarse/raw/fp32_add_v2_t60_i30_r02.log
fp32_add_v2,fp32_add,full_sum_v2,60,30,3,0,solved,solved,True,19,30,53,1310.0091631338,60.07855344377458,1070697,107689,1352.6281170845032,2044,734,0,0,239.292,4.179,3067.3860000000004,-1.0,-1.0,-1.0,-1.0,/home/josephluke/Program-Synthesis-for-Efficient-ML/results/hyperparameter_sweep/coarse/raw/fp32_add_v2_t60_i30_r03.json,/home/josephluke/Program-Synthesis-for-Efficient-ML/results/hyperparameter_sweep/coarse/raw/fp32_add_v2_t60_i30_r03.log
fp32_add_v2,fp32_add,full_sum_v2,180,15,1,0,solved,solved,True,11,15,27,21.747081531211734,4.832134440541267,236691,8849,64.37294602394104,2042,604,0,0,239.292,4.179,2524.116,-1.0,-1.0,-1.0,-1.0,/home/josephluke/Program-Synthesis-for-Efficient-ML/results/hyperparameter_sweep/coarse/raw/fp32_add_v2_t180_i15_r01.json,/home/josephluke/Program-Synthesis-for-Efficient-ML/results/hyperparameter_sweep/coarse/raw/fp32_add_v2_t180_i15_r01.log
fp32_add_v2,fp32_add,full_sum_v2,180,15,2,0,solved,solved,True,10,15,28,393.4108575563878,180.13794491626322,287461,69787,435.96814250946045,2043,734,0,0,239.292,4.179,3067.3860000000004,-1.0,-1.0,-1.0,-1.0,/home/josephluke/Program-Synthesis-for-Efficient-ML/results/hyperparameter_sweep/coarse/raw/fp32_add_v2_t180_i15_r02.json,/home/josephluke/Program-Synthesis-for-Efficient-ML/results/hyperparameter_sweep/coarse/raw/fp32_add_v2_t180_i15_r02.log
fp32_add_v2,fp32_add,full_sum_v2,180,15,3,0,solved,solved,True,10,15,28,377.2797817606479,180.13788948580623,227278,9604,419.8518600463867,2044,604,0,0,239.292,4.179,2524.116,-1.0,-1.0,-1.0,-1.0,/home/josephluke/Program-Synthesis-for-Efficient-ML/results/hyperparameter_sweep/coarse/raw/fp32_add_v2_t180_i15_r03.json,/home/josephluke/Program-Synthesis-for-Efficient-ML/results/hyperparameter_sweep/coarse/raw/fp32_add_v2_t180_i15_r03.log
fp32_add_v2,fp32_add,full_sum_v2,180,30,1,0,solved,solved,True,18,30,56,4845.18374197185,180.14899765886366,6891017,1092916,4887.76971411705,2042,736,0,0,239.292,4.179,3075.744,-1.0,-1.0,-1.0,-1.0,/home/josephluke/Program-Synthesis-for-Efficient-ML/results/hyperparameter_sweep/coarse/raw/fp32_add_v2_t180_i30_r01.json,/home/josephluke/Program-Synthesis-for-Efficient-ML/results/hyperparameter_sweep/coarse/raw/fp32_add_v2_t180_i30_r01.log
fp32_add_v2,fp32_add,full_sum_v2,180,30,2,0,solved,solved,True,17,30,57,5117.133251069114,180.14711742848158,5961830,1110204,5159.726846456528,2043,767,0,0,239.292,4.179,3205.293,-1.0,-1.0,-1.0,-1.0,/home/josephluke/Program-Synthesis-for-Efficient-ML/results/hyperparameter_sweep/coarse/raw/fp32_add_v2_t180_i30_r02.json,/home/josephluke/Program-Synthesis-for-Efficient-ML/results/hyperparameter_sweep/coarse/raw/fp32_add_v2_t180_i30_r02.log
fp32_add_v2,fp32_add,full_sum_v2,180,30,3,0,solved,solved,True,19,30,53,3473.966544592753,180.15573897585273,1070697,107689,3516.5989933013916,2044,734,0,0,239.292,4.179,3067.3860000000004,-1.0,-1.0,-1.0,-1.0,/home/josephluke/Program-Synthesis-for-Efficient-ML/results/hyperparameter_sweep/coarse/raw/fp32_add_v2_t180_i30_r03.json,/home/josephluke/Program-Synthesis-for-Efficient-ML/results/hyperparameter_sweep/coarse/raw/fp32_add_v2_t180_i30_r03.log
fp32_mul_v2,fp32_mul,full_product_v2,30,15,1,0,solved,solved,True,15,15,15,0.7272003162652254,0.060450633987784386,3929,409,42.76887798309326,3042,140,0,2,87.283,11.457,1603.98,-1.0,-1.0,-1.0,-1.0,/home/josephluke/Program-Synthesis-for-Efficient-ML/results/hyperparameter_sweep/coarse/raw/fp32_mul_v2_t30_i15_r01.json,/home/josephluke/Program-Synthesis-for-Efficient-ML/results/hyperparameter_sweep/coarse/raw/fp32_mul_v2_t30_i15_r01.log
fp32_mul_v2,fp32_mul,full_product_v2,30,15,2,0,solved,solved,True,15,15,15,0.7098886370658875,0.06197289004921913,3427,424,42.83689999580383,3043,140,0,2,87.283,11.457,1603.98,-1.0,-1.0,-1.0,-1.0,/home/josephluke/Program-Synthesis-for-Efficient-ML/results/hyperparameter_sweep/coarse/raw/fp32_mul_v2_t30_i15_r02.json,/home/josephluke/Program-Synthesis-for-Efficient-ML/results/hyperparameter_sweep/coarse/raw/fp32_mul_v2_t30_i15_r02.log
fp32_mul_v2,fp32_mul,full_product_v2,30,15,3,0,solved,solved,True,15,15,15,0.7199448738247156,0.06011216901242733,3664,395,42.805577754974365,3044,140,0,2,87.283,11.457,1603.98,-1.0,-1.0,-1.0,-1.0,/home/josephluke/Program-Synthesis-for-Efficient-ML/results/hyperparameter_sweep/coarse/raw/fp32_mul_v2_t30_i15_r03.json,/home/josephluke/Program-Synthesis-for-Efficient-ML/results/hyperparameter_sweep/coarse/raw/fp32_mul_v2_t30_i15_r03.log
fp32_mul_v2,fp32_mul,full_product_v2,30,30,1,0,solved,solved,True,30,30,30,1.8377469349652529,0.0841409657150507,10456,437,43.885645151138306,3042,140,0,2,87.283,11.457,1603.98,-1.0,-1.0,-1.0,-1.0,/home/josephluke/Program-Synthesis-for-Efficient-ML/results/hyperparameter_sweep/coarse/raw/fp32_mul_v2_t30_i30_r01.json,/home/josephluke/Program-Synthesis-for-Efficient-ML/results/hyperparameter_sweep/coarse/raw/fp32_mul_v2_t30_i30_r01.log
fp32_mul_v2,fp32_mul,full_product_v2,30,30,2,0,solved,solved,True,30,30,30,1.8147106114774942,0.08365501463413239,9956,437,43.805521726608276,3043,140,0,2,87.283,11.457,1603.98,-1.0,-1.0,-1.0,-1.0,/home/josephluke/Program-Synthesis-for-Efficient-ML/results/hyperparameter_sweep/coarse/raw/fp32_mul_v2_t30_i30_r02.json,/home/josephluke/Program-Synthesis-for-Efficient-ML/results/hyperparameter_sweep/coarse/raw/fp32_mul_v2_t30_i30_r02.log
fp32_mul_v2,fp32_mul,full_product_v2,30,30,3,0,solved,solved,True,30,30,30,1.8251864854246378,0.08403801172971725,10149,437,43.812968254089355,3044,140,0,2,87.283,11.457,1603.98,-1.0,-1.0,-1.0,-1.0,/home/josephluke/Program-Synthesis-for-Efficient-ML/results/hyperparameter_sweep/coarse/raw/fp32_mul_v2_t30_i30_r03.json,/home/josephluke/Program-Synthesis-for-Efficient-ML/results/hyperparameter_sweep/coarse/raw/fp32_mul_v2_t30_i30_r03.log
fp32_mul_v2,fp32_mul,full_product_v2,60,15,1,0,solved,solved,True,15,15,15,0.7266262136399746,0.060818009078502655,3929,409,42.789551973342896,3042,140,0,2,87.283,11.457,1603.98,-1.0,-1.0,-1.0,-1.0,/home/josephluke/Program-Synthesis-for-Efficient-ML/results/hyperparameter_sweep/coarse/raw/fp32_mul_v2_t60_i15_r01.json,/home/josephluke/Program-Synthesis-for-Efficient-ML/results/hyperparameter_sweep/coarse/raw/fp32_mul_v2_t60_i15_r01.log
fp32_mul_v2,fp32_mul,full_product_v2,60,15,2,0,solved,solved,True,15,15,15,0.7074295599013567,0.06263683177530766,3427,424,42.799570083618164,3043,140,0,2,87.283,11.457,1603.98,-1.0,-1.0,-1.0,-1.0,/home/josephluke/Program-Synthesis-for-Efficient-ML/results/hyperparameter_sweep/coarse/raw/fp32_mul_v2_t60_i15_r02.json,/home/josephluke/Program-Synthesis-for-Efficient-ML/results/hyperparameter_sweep/coarse/raw/fp32_mul_v2_t60_i15_r02.log
fp32_mul_v2,fp32_mul,full_product_v2,60,15,3,0,solved,solved,True,15,15,15,0.7199132293462753,0.060261279344558716,3664,395,42.734336376190186,3044,140,0,2,87.283,11.457,1603.98,-1.0,-1.0,-1.0,-1.0,/home/josephluke/Program-Synthesis-for-Efficient-ML/results/hyperparameter_sweep/coarse/raw/fp32_mul_v2_t60_i15_r03.json,/home/josephluke/Program-Synthesis-for-Efficient-ML/results/hyperparameter_sweep/coarse/raw/fp32_mul_v2_t60_i15_r03.log
fp32_mul_v2,fp32_mul,full_product_v2,60,30,1,0,solved,solved,True,30,30,30,1.8370653819292784,0.0846378244459629,10456,437,43.87463927268982,3042,140,0,2,87.283,11.457,1603.98,-1.0,-1.0,-1.0,-1.0,/home/josephluke/Program-Synthesis-for-Efficient-ML/results/hyperparameter_sweep/coarse/raw/fp32_mul_v2_t60_i30_r01.json,/home/josephluke/Program-Synthesis-for-Efficient-ML/results/hyperparameter_sweep/coarse/raw/fp32_mul_v2_t60_i30_r01.log
fp32_mul_v2,fp32_mul,full_product_v2,60,30,2,0,solved,solved,True,30,30,30,1.8089863676577806,0.08289185166358948,9956,437,43.84256911277771,3043,140,0,2,87.283,11.457,1603.98,-1.0,-1.0,-1.0,-1.0,/home/josephluke/Program-Synthesis-for-Efficient-ML/results/hyperparameter_sweep/coarse/raw/fp32_mul_v2_t60_i30_r02.json,/home/josephluke/Program-Synthesis-for-Efficient-ML/results/hyperparameter_sweep/coarse/raw/fp32_mul_v2_t60_i30_r02.log
fp32_mul_v2,fp32_mul,full_product_v2,60,30,3,0,solved,solved,True,30,30,30,1.8331543877720833,0.08490744978189468,10149,437,43.82835364341736,3044,140,0,2,87.283,11.457,1603.98,-1.0,-1.0,-1.0,-1.0,/home/josephluke/Program-Synthesis-for-Efficient-ML/results/hyperparameter_sweep/coarse/raw/fp32_mul_v2_t60_i30_r03.json,/home/josephluke/Program-Synthesis-for-Efficient-ML/results/hyperparameter_sweep/coarse/raw/fp32_mul_v2_t60_i30_r03.log
fp32_mul_v2,fp32_mul,full_product_v2,180,15,1,0,solved,solved,True,15,15,15,0.7262701634317636,0.06120254099369049,3929,409,42.77389335632324,3042,140,0,2,87.283,11.457,1603.98,-1.0,-1.0,-1.0,-1.0,/home/josephluke/Program-Synthesis-for-Efficient-ML/results/hyperparameter_sweep/coarse/raw/fp32_mul_v2_t180_i15_r01.json,/home/josephluke/Program-Synthesis-for-Efficient-ML/results/hyperparameter_sweep/coarse/raw/fp32_mul_v2_t180_i15_r01.log
fp32_mul_v2,fp32_mul,full_product_v2,180,15,2,0,solved,solved,True,15,15,15,0.709220003336668,0.061895331367850304,3427,424,42.7654550075531,3043,140,0,2,87.283,11.457,1603.98,-1.0,-1.0,-1.0,-1.0,/home/josephluke/Program-Synthesis-for-Efficient-ML/results/hyperparameter_sweep/coarse/raw/fp32_mul_v2_t180_i15_r02.json,/home/josephluke/Program-Synthesis-for-Efficient-ML/results/hyperparameter_sweep/coarse/raw/fp32_mul_v2_t180_i15_r02.log
fp32_mul_v2,fp32_mul,full_product_v2,180,15,3,0,solved,solved,True,15,15,15,0.7209913078695536,0.06087161973118782,3664,395,42.784220933914185,3044,140,0,2,87.283,11.457,1603.98,-1.0,-1.0,-1.0,-1.0,/home/josephluke/Program-Synthesis-for-Efficient-ML/results/hyperparameter_sweep/coarse/raw/fp32_mul_v2_t180_i15_r03.json,/home/josephluke/Program-Synthesis-for-Efficient-ML/results/hyperparameter_sweep/coarse/raw/fp32_mul_v2_t180_i15_r03.log
fp32_mul_v2,fp32_mul,full_product_v2,180,30,1,0,solved,solved,True,30,30,30,1.836037864908576,0.0834769643843174,10456,437,43.844310998916626,3042,140,0,2,87.283,11.457,1603.98,-1.0,-1.0,-1.0,-1.0,/home/josephluke/Program-Synthesis-for-Efficient-ML/results/hyperparameter_sweep/coarse/raw/fp32_mul_v2_t180_i30_r01.json,/home/josephluke/Program-Synthesis-for-Efficient-ML/results/hyperparameter_sweep/coarse/raw/fp32_mul_v2_t180_i30_r01.log
fp32_mul_v2,fp32_mul,full_product_v2,180,30,2,0,solved,solved,True,30,30,30,1.8197829443961382,0.08363461308181286,9956,437,43.93680119514465,3043,140,0,2,87.283,11.457,1603.98,-1.0,-1.0,-1.0,-1.0,/home/josephluke/Program-Synthesis-for-Efficient-ML/results/hyperparameter_sweep/coarse/raw/fp32_mul_v2_t180_i30_r02.json,/home/josephluke/Program-Synthesis-for-Efficient-ML/results/hyperparameter_sweep/coarse/raw/fp32_mul_v2_t180_i30_r02.log
fp32_mul_v2,fp32_mul,full_product_v2,180,30,3,0,solved,solved,True,30,30,30,1.822270082309842,0.08364362642168999,10149,437,43.85429835319519,3044,140,0,2,87.283,11.457,1603.98,-1.0,-1.0,-1.0,-1.0,/home/josephluke/Program-Synthesis-for-Efficient-ML/results/hyperparameter_sweep/coarse/raw/fp32_mul_v2_t180_i30_r03.json,/home/josephluke/Program-Synthesis-for-Efficient-ML/results/hyperparameter_sweep/coarse/raw/fp32_mul_v2_t180_i30_r03.log
mxint8_add_sub,mxint8_add,full_sum,30,15,1,1,started,solved,True,5,15,15,0.10591150633990765,0.00728875957429409,30,2,2.523193120956421,4042,-1,-1,-1,-1,-1,-1.0,-1.0,-1.0,-1.0,-1.0,/home/josephluke/Program-Synthesis-for-Efficient-ML/results/hyperparameter_sweep/coarse/raw/mxint8_add_sub_t30_i15_r01.json,/home/josephluke/Program-Synthesis-for-Efficient-ML/results/hyperparameter_sweep/coarse/raw/mxint8_add_sub_t30_i15_r01.log
mxint8_add_sub,mxint8_add,full_sum,30,15,2,1,started,solved,True,3,15,15,0.1026266124099493,0.007109079509973526,30,2,3.3113901615142822,4043,-1,-1,-1,-1,-1,-1.0,-1.0,-1.0,-1.0,-1.0,/home/josephluke/Program-Synthesis-for-Efficient-ML/results/hyperparameter_sweep/coarse/raw/mxint8_add_sub_t30_i15_r02.json,/home/josephluke/Program-Synthesis-for-Efficient-ML/results/hyperparameter_sweep/coarse/raw/mxint8_add_sub_t30_i15_r02.log
mxint8_add_sub,mxint8_add,full_sum,30,15,3,1,started,solved,True,1,15,15,0.10465448722243309,0.0071790944784879684,30,2,2.3951921463012695,4044,-1,-1,-1,-1,-1,-1.0,-1.0,-1.0,-1.0,-1.0,/home/josephluke/Program-Synthesis-for-Efficient-ML/results/hyperparameter_sweep/coarse/raw/mxint8_add_sub_t30_i15_r03.json,/home/josephluke/Program-Synthesis-for-Efficient-ML/results/hyperparameter_sweep/coarse/raw/mxint8_add_sub_t30_i15_r03.log
mxint8_add_sub,mxint8_add,full_sum,30,30,1,1,started,solved,True,6,30,30,0.21654044464230537,0.007498465478420258,60,2,18.77284026145935,4042,-1,-1,-1,-1,-1,-1.0,-1.0,-1.0,-1.0,-1.0,/home/josephluke/Program-Synthesis-for-Efficient-ML/results/hyperparameter_sweep/coarse/raw/mxint8_add_sub_t30_i30_r01.json,/home/josephluke/Program-Synthesis-for-Efficient-ML/results/hyperparameter_sweep/coarse/raw/mxint8_add_sub_t30_i30_r01.log
mxint8_add_sub,mxint8_add,full_sum,30,30,2,1,started,solved,True,5,30,30,0.21278063021600246,0.007373567670583725,60,2,16.535136938095093,4043,-1,-1,-1,-1,-1,-1.0,-1.0,-1.0,-1.0,-1.0,/home/josephluke/Program-Synthesis-for-Efficient-ML/results/hyperparameter_sweep/coarse/raw/mxint8_add_sub_t30_i30_r02.json,/home/josephluke/Program-Synthesis-for-Efficient-ML/results/hyperparameter_sweep/coarse/raw/mxint8_add_sub_t30_i30_r02.log
mxint8_add_sub,mxint8_add,full_sum,30,30,3,1,started,solved,True,5,30,30,0.20929537527263165,0.007361309602856636,60,2,20.044401168823242,4044,-1,-1,-1,-1,-1,-1.0,-1.0,-1.0,-1.0,-1.0,/home/josephluke/Program-Synthesis-for-Efficient-ML/results/hyperparameter_sweep/coarse/raw/mxint8_add_sub_t30_i30_r03.json,/home/josephluke/Program-Synthesis-for-Efficient-ML/results/hyperparameter_sweep/coarse/raw/mxint8_add_sub_t30_i30_r03.log
mxint8_add_sub,mxint8_add,full_sum,60,15,1,1,started,solved,True,5,15,15,0.10520420596003532,0.007342109456658363,30,2,2.513171434402466,4042,-1,-1,-1,-1,-1,-1.0,-1.0,-1.0,-1.0,-1.0,/home/josephluke/Program-Synthesis-for-Efficient-ML/results/hyperparameter_sweep/coarse/raw/mxint8_add_sub_t60_i15_r01.json,/home/josephluke/Program-Synthesis-for-Efficient-ML/results/hyperparameter_sweep/coarse/raw/mxint8_add_sub_t60_i15_r01.log
mxint8_add_sub,mxint8_add,full_sum,60,15,2,1,started,solved,True,3,15,15,0.10469600185751915,0.007189247757196426,30,2,3.3293230533599854,4043,-1,-1,-1,-1,-1,-1.0,-1.0,-1.0,-1.0,-1.0,/home/josephluke/Program-Synthesis-for-Efficient-ML/results/hyperparameter_sweep/coarse/raw/mxint8_add_sub_t60_i15_r02.json,/home/josephluke/Program-Synthesis-for-Efficient-ML/results/hyperparameter_sweep/coarse/raw/mxint8_add_sub_t60_i15_r02.log
mxint8_add_sub,mxint8_add,full_sum,60,15,3,1,started,solved,True,1,15,15,0.10451282002031803,0.007110679522156715,30,2,2.3905482292175293,4044,-1,-1,-1,-1,-1,-1.0,-1.0,-1.0,-1.0,-1.0,/home/josephluke/Program-Synthesis-for-Efficient-ML/results/hyperparameter_sweep/coarse/raw/mxint8_add_sub_t60_i15_r03.json,/home/josephluke/Program-Synthesis-for-Efficient-ML/results/hyperparameter_sweep/coarse/raw/mxint8_add_sub_t60_i15_r03.log
mxint8_add_sub,mxint8_add,full_sum,60,30,1,1,started,solved,True,6,30,30,0.21209481544792652,0.007409229874610901,60,2,18.729198694229126,4042,-1,-1,-1,-1,-1,-1.0,-1.0,-1.0,-1.0,-1.0,/home/josephluke/Program-Synthesis-for-Efficient-ML/results/hyperparameter_sweep/coarse/raw/mxint8_add_sub_t60_i30_r01.json,/home/josephluke/Program-Synthesis-for-Efficient-ML/results/hyperparameter_sweep/coarse/raw/mxint8_add_sub_t60_i30_r01.log
mxint8_add_sub,mxint8_add,full_sum,60,30,2,1,started,solved,True,5,30,30,0.2133635077625513,0.0073339492082595825,60,2,16.516831874847412,4043,-1,-1,-1,-1,-1,-1.0,-1.0,-1.0,-1.0,-1.0,/home/josephluke/Program-Synthesis-for-Efficient-ML/results/hyperparameter_sweep/coarse/raw/mxint8_add_sub_t60_i30_r02.json,/home/josephluke/Program-Synthesis-for-Efficient-ML/results/hyperparameter_sweep/coarse/raw/mxint8_add_sub_t60_i30_r02.log
mxint8_add_sub,mxint8_add,full_sum,60,30,3,1,started,solved,True,5,30,30,0.21301631815731525,0.007376883178949356,60,2,20.016845226287842,4044,-1,-1,-1,-1,-1,-1.0,-1.0,-1.0,-1.0,-1.0,/home/josephluke/Program-Synthesis-for-Efficient-ML/results/hyperparameter_sweep/coarse/raw/mxint8_add_sub_t60_i30_r03.json,/home/josephluke/Program-Synthesis-for-Efficient-ML/results/hyperparameter_sweep/coarse/raw/mxint8_add_sub_t60_i30_r03.log
mxint8_add_sub,mxint8_add,full_sum,180,15,1,1,started,solved,True,5,15,15,0.10389519855380058,0.007272103801369667,30,2,2.5176539421081543,4042,-1,-1,-1,-1,-1,-1.0,-1.0,-1.0,-1.0,-1.0,/home/josephluke/Program-Synthesis-for-Efficient-ML/results/hyperparameter_sweep/coarse/raw/mxint8_add_sub_t180_i15_r01.json,/home/josephluke/Program-Synthesis-for-Efficient-ML/results/hyperparameter_sweep/coarse/raw/mxint8_add_sub_t180_i15_r01.log
mxint8_add_sub,mxint8_add,full_sum,180,15,2,1,started,solved,True,3,15,15,0.10535938665270805,0.0072092898190021515,30,2,3.31010365486145,4043,-1,-1,-1,-1,-1,-1.0,-1.0,-1.0,-1.0,-1.0,/home/josephluke/Program-Synthesis-for-Efficient-ML/results/hyperparameter_sweep/coarse/raw/mxint8_add_sub_t180_i15_r02.json,/home/josephluke/Program-Synthesis-for-Efficient-ML/results/hyperparameter_sweep/coarse/raw/mxint8_add_sub_t180_i15_r02.log
mxint8_add_sub,mxint8_add,full_sum,180,15,3,1,started,solved,True,1,15,15,0.10493683628737926,0.007203871384263039,30,2,2.4125449657440186,4044,-1,-1,-1,-1,-1,-1.0,-1.0,-1.0,-1.0,-1.0,/home/josephluke/Program-Synthesis-for-Efficient-ML/results/hyperparameter_sweep/coarse/raw/mxint8_add_sub_t180_i15_r03.json,/home/josephluke/Program-Synthesis-for-Efficient-ML/results/hyperparameter_sweep/coarse/raw/mxint8_add_sub_t180_i15_r03.log
mxint8_add_sub,mxint8_add,full_sum,180,30,1,1,started,solved,True,6,30,30,0.21575678884983063,0.0073755234479904175,60,2,18.768215894699097,4042,-1,-1,-1,-1,-1,-1.0,-1.0,-1.0,-1.0,-1.0,/home/josephluke/Program-Synthesis-for-Efficient-ML/results/hyperparameter_sweep/coarse/raw/mxint8_add_sub_t180_i30_r01.json,/home/josephluke/Program-Synthesis-for-Efficient-ML/results/hyperparameter_sweep/coarse/raw/mxint8_add_sub_t180_i30_r01.log
mxint8_add_sub,mxint8_add,full_sum,180,30,2,1,started,solved,True,5,30,30,0.2135348953306675,0.007528550922870636,60,2,16.42761206626892,4043,-1,-1,-1,-1,-1,-1.0,-1.0,-1.0,-1.0,-1.0,/home/josephluke/Program-Synthesis-for-Efficient-ML/results/hyperparameter_sweep/coarse/raw/mxint8_add_sub_t180_i30_r02.json,/home/josephluke/Program-Synthesis-for-Efficient-ML/results/hyperparameter_sweep/coarse/raw/mxint8_add_sub_t180_i30_r02.log
mxint8_add_sub,mxint8_add,full_sum,180,30,3,1,started,solved,True,5,30,30,0.21295884437859058,0.007384635508060455,60,2,20.01526927947998,4044,-1,-1,-1,-1,-1,-1.0,-1.0,-1.0,-1.0,-1.0,/home/josephluke/Program-Synthesis-for-Efficient-ML/results/hyperparameter_sweep/coarse/raw/mxint8_add_sub_t180_i30_r03.json,/home/josephluke/Program-Synthesis-for-Efficient-ML/results/hyperparameter_sweep/coarse/raw/mxint8_add_sub_t180_i30_r03.log
mxint8_mul_sub,mxint8_mul,full_product,30,15,1,1,error,unknown,False,-1,-1,-1,-1.0,-1.0,,,103.87672162055969,5042,-1,-1,-1,-1,-1,-1.0,-1.0,-1.0,-1.0,-1.0,/home/josephluke/Program-Synthesis-for-Efficient-ML/results/hyperparameter_sweep/coarse/raw/mxint8_mul_sub_t30_i15_r01.json,/home/josephluke/Program-Synthesis-for-Efficient-ML/results/hyperparameter_sweep/coarse/raw/mxint8_mul_sub_t30_i15_r01.log
mxint8_mul_sub,mxint8_mul,full_product,30,15,2,1,error,unknown,False,-1,-1,-1,-1.0,-1.0,,,96.23285150527954,5043,-1,-1,-1,-1,-1,-1.0,-1.0,-1.0,-1.0,-1.0,/home/josephluke/Program-Synthesis-for-Efficient-ML/results/hyperparameter_sweep/coarse/raw/mxint8_mul_sub_t30_i15_r02.json,/home/josephluke/Program-Synthesis-for-Efficient-ML/results/hyperparameter_sweep/coarse/raw/mxint8_mul_sub_t30_i15_r02.log
mxint8_mul_sub,mxint8_mul,full_product,30,15,3,1,error,unknown,False,-1,-1,-1,-1.0,-1.0,,,122.92844820022583,5044,-1,-1,-1,-1,-1,-1.0,-1.0,-1.0,-1.0,-1.0,/home/josephluke/Program-Synthesis-for-Efficient-ML/results/hyperparameter_sweep/coarse/raw/mxint8_mul_sub_t30_i15_r03.json,/home/josephluke/Program-Synthesis-for-Efficient-ML/results/hyperparameter_sweep/coarse/raw/mxint8_mul_sub_t30_i15_r03.log
mxint8_mul_sub,mxint8_mul,full_product,30,30,1,1,error,unknown,False,-1,-1,-1,-1.0,-1.0,,,271.72365951538086,5042,-1,-1,-1,-1,-1,-1.0,-1.0,-1.0,-1.0,-1.0,/home/josephluke/Program-Synthesis-for-Efficient-ML/results/hyperparameter_sweep/coarse/raw/mxint8_mul_sub_t30_i30_r01.json,/home/josephluke/Program-Synthesis-for-Efficient-ML/results/hyperparameter_sweep/coarse/raw/mxint8_mul_sub_t30_i30_r01.log
mxint8_mul_sub,mxint8_mul,full_product,30,30,2,1,error,unknown,False,-1,-1,-1,-1.0,-1.0,,,518.6217455863953,5043,-1,-1,-1,-1,-1,-1.0,-1.0,-1.0,-1.0,-1.0,/home/josephluke/Program-Synthesis-for-Efficient-ML/results/hyperparameter_sweep/coarse/raw/mxint8_mul_sub_t30_i30_r02.json,/home/josephluke/Program-Synthesis-for-Efficient-ML/results/hyperparameter_sweep/coarse/raw/mxint8_mul_sub_t30_i30_r02.log
mxint8_mul_sub,mxint8_mul,full_product,30,30,3,1,error,unknown,False,-1,-1,-1,-1.0,-1.0,,,313.5353088378906,5044,-1,-1,-1,-1,-1,-1.0,-1.0,-1.0,-1.0,-1.0,/home/josephluke/Program-Synthesis-for-Efficient-ML/results/hyperparameter_sweep/coarse/raw/mxint8_mul_sub_t30_i30_r03.json,/home/josephluke/Program-Synthesis-for-Efficient-ML/results/hyperparameter_sweep/coarse/raw/mxint8_mul_sub_t30_i30_r03.log
mxint8_mul_sub,mxint8_mul,full_product,60,15,1,1,error,unknown,False,-1,-1,-1,-1.0,-1.0,,,164.10155725479126,5042,-1,-1,-1,-1,-1,-1.0,-1.0,-1.0,-1.0,-1.0,/home/josephluke/Program-Synthesis-for-Efficient-ML/results/hyperparameter_sweep/coarse/raw/mxint8_mul_sub_t60_i15_r01.json,/home/josephluke/Program-Synthesis-for-Efficient-ML/results/hyperparameter_sweep/coarse/raw/mxint8_mul_sub_t60_i15_r01.log
mxint8_mul_sub,mxint8_mul,full_product,60,15,2,1,error,unknown,False,-1,-1,-1,-1.0,-1.0,,,186.4334135055542,5043,-1,-1,-1,-1,-1,-1.0,-1.0,-1.0,-1.0,-1.0,/home/josephluke/Program-Synthesis-for-Efficient-ML/results/hyperparameter_sweep/coarse/raw/mxint8_mul_sub_t60_i15_r02.json,/home/josephluke/Program-Synthesis-for-Efficient-ML/results/hyperparameter_sweep/coarse/raw/mxint8_mul_sub_t60_i15_r02.log
mxint8_mul_sub,mxint8_mul,full_product,60,15,3,1,error,unknown,False,-1,-1,-1,-1.0,-1.0,,,633.4330809116364,5044,-1,-1,-1,-1,-1,-1.0,-1.0,-1.0,-1.0,-1.0,/home/josephluke/Program-Synthesis-for-Efficient-ML/results/hyperparameter_sweep/coarse/raw/mxint8_mul_sub_t60_i15_r03.json,/home/josephluke/Program-Synthesis-for-Efficient-ML/results/hyperparameter_sweep/coarse/raw/mxint8_mul_sub_t60_i15_r03.log
mxint8_mul_sub,mxint8_mul,full_product,60,30,1,1,error,unknown,False,-1,-1,-1,-1.0,-1.0,,,421.3800151348114,5042,-1,-1,-1,-1,-1,-1.0,-1.0,-1.0,-1.0,-1.0,/home/josephluke/Program-Synthesis-for-Efficient-ML/results/hyperparameter_sweep/coarse/raw/mxint8_mul_sub_t60_i30_r01.json,/home/josephluke/Program-Synthesis-for-Efficient-ML/results/hyperparameter_sweep/coarse/raw/mxint8_mul_sub_t60_i30_r01.log
mxint8_mul_sub,mxint8_mul,full_product,60,30,2,1,error,unknown,False,-1,-1,-1,-1.0,-1.0,,,783.8546822071075,5043,-1,-1,-1,-1,-1,-1.0,-1.0,-1.0,-1.0,-1.0,/home/josephluke/Program-Synthesis-for-Efficient-ML/results/hyperparameter_sweep/coarse/raw/mxint8_mul_sub_t60_i30_r02.json,/home/josephluke/Program-Synthesis-for-Efficient-ML/results/hyperparameter_sweep/coarse/raw/mxint8_mul_sub_t60_i30_r02.log
mxint8_mul_sub,mxint8_mul,full_product,60,30,3,1,error,unknown,False,-1,-1,-1,-1.0,-1.0,,,1521.6880843639374,5044,-1,-1,-1,-1,-1,-1.0,-1.0,-1.0,-1.0,-1.0,/home/josephluke/Program-Synthesis-for-Efficient-ML/results/hyperparameter_sweep/coarse/raw/mxint8_mul_sub_t60_i30_r03.json,/home/josephluke/Program-Synthesis-for-Efficient-ML/results/hyperparameter_sweep/coarse/raw/mxint8_mul_sub_t60_i30_r03.log
mxint8_mul_sub,mxint8_mul,full_product,180,15,1,1,error,unknown,False,-1,-1,-1,-1.0,-1.0,,,703.8272476196289,5042,-1,-1,-1,-1,-1,-1.0,-1.0,-1.0,-1.0,-1.0,/home/josephluke/Program-Synthesis-for-Efficient-ML/results/hyperparameter_sweep/coarse/raw/mxint8_mul_sub_t180_i15_r01.json,/home/josephluke/Program-Synthesis-for-Efficient-ML/results/hyperparameter_sweep/coarse/raw/mxint8_mul_sub_t180_i15_r01.log
mxint8_mul_sub,mxint8_mul,full_product,180,15,2,1,error,unknown,False,-1,-1,-1,-1.0,-1.0,,,822.1620600223541,5043,-1,-1,-1,-1,-1,-1.0,-1.0,-1.0,-1.0,-1.0,/home/josephluke/Program-Synthesis-for-Efficient-ML/results/hyperparameter_sweep/coarse/raw/mxint8_mul_sub_t180_i15_r02.json,/home/josephluke/Program-Synthesis-for-Efficient-ML/results/hyperparameter_sweep/coarse/raw/mxint8_mul_sub_t180_i15_r02.log
mxint8_mul_sub,mxint8_mul,full_product,180,15,3,1,error,unknown,False,-1,-1,-1,-1.0,-1.0,,,945.9064881801605,5044,-1,-1,-1,-1,-1,-1.0,-1.0,-1.0,-1.0,-1.0,/home/josephluke/Program-Synthesis-for-Efficient-ML/results/hyperparameter_sweep/coarse/raw/mxint8_mul_sub_t180_i15_r03.json,/home/josephluke/Program-Synthesis-for-Efficient-ML/results/hyperparameter_sweep/coarse/raw/mxint8_mul_sub_t180_i15_r03.log
mxint8_mul_sub,mxint8_mul,full_product,180,30,1,1,error,unknown,False,-1,-1,-1,-1.0,-1.0,,,3414.5915949344635,5042,-1,-1,-1,-1,-1,-1.0,-1.0,-1.0,-1.0,-1.0,/home/josephluke/Program-Synthesis-for-Efficient-ML/results/hyperparameter_sweep/coarse/raw/mxint8_mul_sub_t180_i30_r01.json,/home/josephluke/Program-Synthesis-for-Efficient-ML/results/hyperparameter_sweep/coarse/raw/mxint8_mul_sub_t180_i30_r01.log
mxint8_mul_sub,mxint8_mul,full_product,180,30,2,1,error,unknown,False,-1,-1,-1,-1.0,-1.0,,,3540.4501497745514,5043,-1,-1,-1,-1,-1,-1.0,-1.0,-1.0,-1.0,-1.0,/home/josephluke/Program-Synthesis-for-Efficient-ML/results/hyperparameter_sweep/coarse/raw/mxint8_mul_sub_t180_i30_r02.json,/home/josephluke/Program-Synthesis-for-Efficient-ML/results/hyperparameter_sweep/coarse/raw/mxint8_mul_sub_t180_i30_r02.log
mxint8_mul_sub,mxint8_mul,full_product,180,30,3,1,error,unknown,False,-1,-1,-1,-1.0,-1.0,,,3643.3369324207306,5044,-1,-1,-1,-1,-1,-1.0,-1.0,-1.0,-1.0,-1.0,/home/josephluke/Program-Synthesis-for-Efficient-ML/results/hyperparameter_sweep/coarse/raw/mxint8_mul_sub_t180_i30_r03.json,/home/josephluke/Program-Synthesis-for-Efficient-ML/results/hyperparameter_sweep/coarse/raw/mxint8_mul_sub_t180_i30_r03.log
fp32_add_sub,fp32_add,full_sum,30,15,1,1,started,solved,True,15,15,15,0.2924337387084961,0.022310251370072365,120,8,1.8154926300048828,6042,-1,-1,-1,-1,-1,-1.0,-1.0,-1.0,-1.0,-1.0,/home/josephluke/Program-Synthesis-for-Efficient-ML/results/hyperparameter_sweep/coarse/raw/fp32_add_sub_t30_i15_r01.json,/home/josephluke/Program-Synthesis-for-Efficient-ML/results/hyperparameter_sweep/coarse/raw/fp32_add_sub_t30_i15_r01.log
fp32_add_sub,fp32_add,full_sum,30,15,2,1,started,solved,True,15,15,15,0.29248099215328693,0.022316640242934227,120,8,1.7995667457580566,6043,-1,-1,-1,-1,-1,-1.0,-1.0,-1.0,-1.0,-1.0,/home/josephluke/Program-Synthesis-for-Efficient-ML/results/hyperparameter_sweep/coarse/raw/fp32_add_sub_t30_i15_r02.json,/home/josephluke/Program-Synthesis-for-Efficient-ML/results/hyperparameter_sweep/coarse/raw/fp32_add_sub_t30_i15_r02.log
fp32_add_sub,fp32_add,full_sum,30,15,3,1,started,solved,True,15,15,15,0.2885826714336872,0.02269725687801838,120,8,1.6559648513793945,6044,-1,-1,-1,-1,-1,-1.0,-1.0,-1.0,-1.0,-1.0,/home/josephluke/Program-Synthesis-for-Efficient-ML/results/hyperparameter_sweep/coarse/raw/fp32_add_sub_t30_i15_r03.json,/home/josephluke/Program-Synthesis-for-Efficient-ML/results/hyperparameter_sweep/coarse/raw/fp32_add_sub_t30_i15_r03.log
fp32_add_sub,fp32_add,full_sum,30,30,1,1,started,solved,True,30,30,30,0.6767202392220497,0.029802778735756874,240,8,3.149907350540161,6042,-1,-1,-1,-1,-1,-1.0,-1.0,-1.0,-1.0,-1.0,/home/josephluke/Program-Synthesis-for-Efficient-ML/results/hyperparameter_sweep/coarse/raw/fp32_add_sub_t30_i30_r01.json,/home/josephluke/Program-Synthesis-for-Efficient-ML/results/hyperparameter_sweep/coarse/raw/fp32_add_sub_t30_i30_r01.log
fp32_add_sub,fp32_add,full_sum,30,30,2,1,started,solved,True,30,30,30,0.6803350262343884,0.029251016676425934,240,8,3.156520366668701,6043,-1,-1,-1,-1,-1,-1.0,-1.0,-1.0,-1.0,-1.0,/home/josephluke/Program-Synthesis-for-Efficient-ML/results/hyperparameter_sweep/coarse/raw/fp32_add_sub_t30_i30_r02.json,/home/josephluke/Program-Synthesis-for-Efficient-ML/results/hyperparameter_sweep/coarse/raw/fp32_add_sub_t30_i30_r02.log
fp32_add_sub,fp32_add,full_sum,30,30,3,1,started,solved,True,30,30,30,0.6767331529408693,0.030209679156541824,240,8,3.026073455810547,6044,-1,-1,-1,-1,-1,-1.0,-1.0,-1.0,-1.0,-1.0,/home/josephluke/Program-Synthesis-for-Efficient-ML/results/hyperparameter_sweep/coarse/raw/fp32_add_sub_t30_i30_r03.json,/home/josephluke/Program-Synthesis-for-Efficient-ML/results/hyperparameter_sweep/coarse/raw/fp32_add_sub_t30_i30_r03.log
fp32_add_sub,fp32_add,full_sum,60,15,1,1,started,solved,True,15,15,15,0.2907463572919369,0.0227605402469635,120,8,1.7934415340423584,6042,-1,-1,-1,-1,-1,-1.0,-1.0,-1.0,-1.0,-1.0,/home/josephluke/Program-Synthesis-for-Efficient-ML/results/hyperparameter_sweep/coarse/raw/fp32_add_sub_t60_i15_r01.json,/home/josephluke/Program-Synthesis-for-Efficient-ML/results/hyperparameter_sweep/coarse/raw/fp32_add_sub_t60_i15_r01.log
fp32_add_sub,fp32_add,full_sum,60,15,2,1,started,solved,True,15,15,15,0.29078392311930656,0.022453976795077324,120,8,1.7881126403808594,6043,-1,-1,-1,-1,-1,-1.0,-1.0,-1.0,-1.0,-1.0,/home/josephluke/Program-Synthesis-for-Efficient-ML/results/hyperparameter_sweep/coarse/raw/fp32_add_sub_t60_i15_r02.json,/home/josephluke/Program-Synthesis-for-Efficient-ML/results/hyperparameter_sweep/coarse/raw/fp32_add_sub_t60_i15_r02.log
fp32_add_sub,fp32_add,full_sum,60,15,3,1,started,solved,True,15,15,15,0.2919725403189659,0.022635892033576965,120,8,1.6785717010498047,6044,-1,-1,-1,-1,-1,-1.0,-1.0,-1.0,-1.0,-1.0,/home/josephluke/Program-Synthesis-for-Efficient-ML/results/hyperparameter_sweep/coarse/raw/fp32_add_sub_t60_i15_r03.json,/home/josephluke/Program-Synthesis-for-Efficient-ML/results/hyperparameter_sweep/coarse/raw/fp32_add_sub_t60_i15_r03.log
fp32_add_sub,fp32_add,full_sum,60,30,1,1,started,solved,True,30,30,30,0.6803566254675388,0.029650138691067696,240,8,3.1514508724212646,6042,-1,-1,-1,-1,-1,-1.0,-1.0,-1.0,-1.0,-1.0,/home/josephluke/Program-Synthesis-for-Efficient-ML/results/hyperparameter_sweep/coarse/raw/fp32_add_sub_t60_i30_r01.json,/home/josephluke/Program-Synthesis-for-Efficient-ML/results/hyperparameter_sweep/coarse/raw/fp32_add_sub_t60_i30_r01.log
fp32_add_sub,fp32_add,full_sum,60,30,2,1,started,solved,True,30,30,30,0.6829877942800522,0.02943384274840355,240,8,3.174703359603882,6043,-1,-1,-1,-1,-1,-1.0,-1.0,-1.0,-1.0,-1.0,/home/josephluke/Program-Synthesis-for-Efficient-ML/results/hyperparameter_sweep/coarse/raw/fp32_add_sub_t60_i30_r02.json,/home/josephluke/Program-Synthesis-for-Efficient-ML/results/hyperparameter_sweep/coarse/raw/fp32_add_sub_t60_i30_r02.log
fp32_add_sub,fp32_add,full_sum,60,30,3,1,started,solved,True,30,30,30,0.6762352641671896,0.02933872677385807,240,8,3.0545880794525146,6044,-1,-1,-1,-1,-1,-1.0,-1.0,-1.0,-1.0,-1.0,/home/josephluke/Program-Synthesis-for-Efficient-ML/results/hyperparameter_sweep/coarse/raw/fp32_add_sub_t60_i30_r03.json,/home/josephluke/Program-Synthesis-for-Efficient-ML/results/hyperparameter_sweep/coarse/raw/fp32_add_sub_t60_i30_r03.log
fp32_add_sub,fp32_add,full_sum,180,15,1,1,started,solved,True,15,15,15,0.2919254992157221,0.022380279377102852,120,8,1.8033583164215088,6042,-1,-1,-1,-1,-1,-1.0,-1.0,-1.0,-1.0,-1.0,/home/josephluke/Program-Synthesis-for-Efficient-ML/results/hyperparameter_sweep/coarse/raw/fp32_add_sub_t180_i15_r01.json,/home/josephluke/Program-Synthesis-for-Efficient-ML/results/hyperparameter_sweep/coarse/raw/fp32_add_sub_t180_i15_r01.log
fp32_add_sub,fp32_add,full_sum,180,15,2,1,started,solved,True,15,15,15,0.2886518072336912,0.022528022527694702,120,8,1.7897632122039795,6043,-1,-1,-1,-1,-1,-1.0,-1.0,-1.0,-1.0,-1.0,/home/josephluke/Program-Synthesis-for-Efficient-ML/results/hyperparameter_sweep/coarse/raw/fp32_add_sub_t180_i15_r02.json,/home/josephluke/Program-Synthesis-for-Efficient-ML/results/hyperparameter_sweep/coarse/raw/fp32_add_sub_t180_i15_r02.log
fp32_add_sub,fp32_add,full_sum,180,15,3,1,started,solved,True,15,15,15,0.288032453507185,0.02198776602745056,120,8,1.6572978496551514,6044,-1,-1,-1,-1,-1,-1.0,-1.0,-1.0,-1.0,-1.0,/home/josephluke/Program-Synthesis-for-Efficient-ML/results/hyperparameter_sweep/coarse/raw/fp32_add_sub_t180_i15_r03.json,/home/josephluke/Program-Synthesis-for-Efficient-ML/results/hyperparameter_sweep/coarse/raw/fp32_add_sub_t180_i15_r03.log
fp32_add_sub,fp32_add,full_sum,180,30,1,1,started,solved,True,30,30,30,0.6749506052583456,0.029845982789993286,240,8,3.1443474292755127,6042,-1,-1,-1,-1,-1,-1.0,-1.0,-1.0,-1.0,-1.0,/home/josephluke/Program-Synthesis-for-Efficient-ML/results/hyperparameter_sweep/coarse/raw/fp32_add_sub_t180_i30_r01.json,/home/josephluke/Program-Synthesis-for-Efficient-ML/results/hyperparameter_sweep/coarse/raw/fp32_add_sub_t180_i30_r01.log
fp32_add_sub,fp32_add,full_sum,180,30,2,1,started,solved,True,30,30,30,0.6815624814480543,0.02960415557026863,240,8,3.1860830783843994,6043,-1,-1,-1,-1,-1,-1.0,-1.0,-1.0,-1.0,-1.0,/home/josephluke/Program-Synthesis-for-Efficient-ML/results/hyperparameter_sweep/coarse/raw/fp32_add_sub_t180_i30_r02.json,/home/josephluke/Program-Synthesis-for-Efficient-ML/results/hyperparameter_sweep/coarse/raw/fp32_add_sub_t180_i30_r02.log
fp32_add_sub,fp32_add,full_sum,180,30,3,1,started,solved,True,30,30,30,0.6786901988089085,0.029336372390389442,240,8,3.0514087677001953,6044,-1,-1,-1,-1,-1,-1.0,-1.0,-1.0,-1.0,-1.0,/home/josephluke/Program-Synthesis-for-Efficient-ML/results/hyperparameter_sweep/coarse/raw/fp32_add_sub_t180_i30_r03.json,/home/josephluke/Program-Synthesis-for-Efficient-ML/results/hyperparameter_sweep/coarse/raw/fp32_add_sub_t180_i30_r03.log
fp32_mul_sub,fp32_mul,full_product,30,15,1,1,started,solved,True,15,15,15,0.22361077181994915,0.015776854008436203,210,14,1.775299072265625,7042,-1,-1,-1,-1,-1,-1.0,-1.0,-1.0,-1.0,-1.0,/home/josephluke/Program-Synthesis-for-Efficient-ML/results/hyperparameter_sweep/coarse/raw/fp32_mul_sub_t30_i15_r01.json,/home/josephluke/Program-Synthesis-for-Efficient-ML/results/hyperparameter_sweep/coarse/raw/fp32_mul_sub_t30_i15_r01.log
fp32_mul_sub,fp32_mul,full_product,30,15,2,1,started,solved,True,15,15,15,0.22175168804824352,0.015353154391050339,210,14,1.783869981765747,7043,-1,-1,-1,-1,-1,-1.0,-1.0,-1.0,-1.0,-1.0,/home/josephluke/Program-Synthesis-for-Efficient-ML/results/hyperparameter_sweep/coarse/raw/fp32_mul_sub_t30_i15_r02.json,/home/josephluke/Program-Synthesis-for-Efficient-ML/results/hyperparameter_sweep/coarse/raw/fp32_mul_sub_t30_i15_r02.log
fp32_mul_sub,fp32_mul,full_product,30,15,3,1,started,solved,True,15,15,15,0.2178655993193388,0.015747999772429466,210,14,1.7766637802124023,7044,-1,-1,-1,-1,-1,-1.0,-1.0,-1.0,-1.0,-1.0,/home/josephluke/Program-Synthesis-for-Efficient-ML/results/hyperparameter_sweep/coarse/raw/fp32_mul_sub_t30_i15_r03.json,/home/josephluke/Program-Synthesis-for-Efficient-ML/results/hyperparameter_sweep/coarse/raw/fp32_mul_sub_t30_i15_r03.log
fp32_mul_sub,fp32_mul,full_product,30,30,1,1,started,solved,True,30,30,30,0.4619124233722687,0.016481535509228706,420,14,2.759810209274292,7042,-1,-1,-1,-1,-1,-1.0,-1.0,-1.0,-1.0,-1.0,/home/josephluke/Program-Synthesis-for-Efficient-ML/results/hyperparameter_sweep/coarse/raw/fp32_mul_sub_t30_i30_r01.json,/home/josephluke/Program-Synthesis-for-Efficient-ML/results/hyperparameter_sweep/coarse/raw/fp32_mul_sub_t30_i30_r01.log
fp32_mul_sub,fp32_mul,full_product,30,30,2,1,started,solved,True,30,30,30,0.4568046499043703,0.016862722113728523,420,14,2.742980480194092,7043,-1,-1,-1,-1,-1,-1.0,-1.0,-1.0,-1.0,-1.0,/home/josephluke/Program-Synthesis-for-Efficient-ML/results/hyperparameter_sweep/coarse/raw/fp32_mul_sub_t30_i30_r02.json,/home/josephluke/Program-Synthesis-for-Efficient-ML/results/hyperparameter_sweep/coarse/raw/fp32_mul_sub_t30_i30_r02.log
fp32_mul_sub,fp32_mul,full_product,30,30,3,1,started,solved,True,30,30,30,0.4603015910834074,0.017074378207325935,420,14,2.7840218544006348,7044,-1,-1,-1,-1,-1,-1.0,-1.0,-1.0,-1.0,-1.0,/home/josephluke/Program-Synthesis-for-Efficient-ML/results/hyperparameter_sweep/coarse/raw/fp32_mul_sub_t30_i30_r03.json,/home/josephluke/Program-Synthesis-for-Efficient-ML/results/hyperparameter_sweep/coarse/raw/fp32_mul_sub_t30_i30_r03.log
fp32_mul_sub,fp32_mul,full_product,60,15,1,1,started,solved,True,15,15,15,0.22280882485210896,0.015415247529745102,210,14,1.7981650829315186,7042,-1,-1,-1,-1,-1,-1.0,-1.0,-1.0,-1.0,-1.0,/home/josephluke/Program-Synthesis-for-Efficient-ML/results/hyperparameter_sweep/coarse/raw/fp32_mul_sub_t60_i15_r01.json,/home/josephluke/Program-Synthesis-for-Efficient-ML/results/hyperparameter_sweep/coarse/raw/fp32_mul_sub_t60_i15_r01.log
fp32_mul_sub,fp32_mul,full_product,60,15,2,1,started,solved,True,15,15,15,0.21915449760854244,0.015183107927441597,210,14,1.7716820240020752,7043,-1,-1,-1,-1,-1,-1.0,-1.0,-1.0,-1.0,-1.0,/home/josephluke/Program-Synthesis-for-Efficient-ML/results/hyperparameter_sweep/coarse/raw/fp32_mul_sub_t60_i15_r02.json,/home/josephluke/Program-Synthesis-for-Efficient-ML/results/hyperparameter_sweep/coarse/raw/fp32_mul_sub_t60_i15_r02.log
fp32_mul_sub,fp32_mul,full_product,60,15,3,1,started,solved,True,15,15,15,0.220719363540411,0.015782561153173447,210,14,1.7869300842285156,7044,-1,-1,-1,-1,-1,-1.0,-1.0,-1.0,-1.0,-1.0,/home/josephluke/Program-Synthesis-for-Efficient-ML/results/hyperparameter_sweep/coarse/raw/fp32_mul_sub_t60_i15_r03.json,/home/josephluke/Program-Synthesis-for-Efficient-ML/results/hyperparameter_sweep/coarse/raw/fp32_mul_sub_t60_i15_r03.log
fp32_mul_sub,fp32_mul,full_product,60,30,1,1,started,solved,True,30,30,30,0.46069849096238613,0.017521671950817108,420,14,2.763456106185913,7042,-1,-1,-1,-1,-1,-1.0,-1.0,-1.0,-1.0,-1.0,/home/josephluke/Program-Synthesis-for-Efficient-ML/results/hyperparameter_sweep/coarse/raw/fp32_mul_sub_t60_i30_r01.json,/home/josephluke/Program-Synthesis-for-Efficient-ML/results/hyperparameter_sweep/coarse/raw/fp32_mul_sub_t60_i30_r01.log
fp32_mul_sub,fp32_mul,full_product,60,30,2,1,started,solved,True,30,30,30,0.45900881476700306,0.01723591424524784,420,14,2.7649424076080322,7043,-1,-1,-1,-1,-1,-1.0,-1.0,-1.0,-1.0,-1.0,/home/josephluke/Program-Synthesis-for-Efficient-ML/results/hyperparameter_sweep/coarse/raw/fp32_mul_sub_t60_i30_r02.json,/home/josephluke/Program-Synthesis-for-Efficient-ML/results/hyperparameter_sweep/coarse/raw/fp32_mul_sub_t60_i30_r02.log
fp32_mul_sub,fp32_mul,full_product,60,30,3,1,started,solved,True,30,30,30,0.4669003449380398,0.016937311738729477,420,14,2.7570388317108154,7044,-1,-1,-1,-1,-1,-1.0,-1.0,-1.0,-1.0,-1.0,/home/josephluke/Program-Synthesis-for-Efficient-ML/results/hyperparameter_sweep/coarse/raw/fp32_mul_sub_t60_i30_r03.json,/home/josephluke/Program-Synthesis-for-Efficient-ML/results/hyperparameter_sweep/coarse/raw/fp32_mul_sub_t60_i30_r03.log
fp32_mul_sub,fp32_mul,full_product,180,15,1,1,started,solved,True,15,15,15,0.22346358001232147,0.015658864751458168,210,14,1.7700719833374023,7042,-1,-1,-1,-1,-1,-1.0,-1.0,-1.0,-1.0,-1.0,/home/josephluke/Program-Synthesis-for-Efficient-ML/results/hyperparameter_sweep/coarse/raw/fp32_mul_sub_t180_i15_r01.json,/home/josephluke/Program-Synthesis-for-Efficient-ML/results/hyperparameter_sweep/coarse/raw/fp32_mul_sub_t180_i15_r01.log
fp32_mul_sub,fp32_mul,full_product,180,15,2,1,started,solved,True,15,15,15,0.22619041427969933,0.01571277529001236,210,14,1.7897820472717285,7043,-1,-1,-1,-1,-1,-1.0,-1.0,-1.0,-1.0,-1.0,/home/josephluke/Program-Synthesis-for-Efficient-ML/results/hyperparameter_sweep/coarse/raw/fp32_mul_sub_t180_i15_r02.json,/home/josephluke/Program-Synthesis-for-Efficient-ML/results/hyperparameter_sweep/coarse/raw/fp32_mul_sub_t180_i15_r02.log
fp32_mul_sub,fp32_mul,full_product,180,15,3,1,started,solved,True,15,15,15,0.21860478073358536,0.0153647530823946,210,14,1.7555627822875977,7044,-1,-1,-1,-1,-1,-1.0,-1.0,-1.0,-1.0,-1.0,/home/josephluke/Program-Synthesis-for-Efficient-ML/results/hyperparameter_sweep/coarse/raw/fp32_mul_sub_t180_i15_r03.json,/home/josephluke/Program-Synthesis-for-Efficient-ML/results/hyperparameter_sweep/coarse/raw/fp32_mul_sub_t180_i15_r03.log
fp32_mul_sub,fp32_mul,full_product,180,30,1,1,started,solved,True,30,30,30,0.46124601922929287,0.016870390623807907,420,14,2.718410015106201,7042,-1,-1,-1,-1,-1,-1.0,-1.0,-1.0,-1.0,-1.0,/home/josephluke/Program-Synthesis-for-Efficient-ML/results/hyperparameter_sweep/coarse/raw/fp32_mul_sub_t180_i30_r01.json,/home/josephluke/Program-Synthesis-for-Efficient-ML/results/hyperparameter_sweep/coarse/raw/fp32_mul_sub_t180_i30_r01.log
fp32_mul_sub,fp32_mul,full_product,180,30,2,1,started,solved,True,30,30,30,0.4620044082403183,0.016851693391799927,420,14,2.73540997505188,7043,-1,-1,-1,-1,-1,-1.0,-1.0,-1.0,-1.0,-1.0,/home/josephluke/Program-Synthesis-for-Efficient-ML/results/hyperparameter_sweep/coarse/raw/fp32_mul_sub_t180_i30_r02.json,/home/josephluke/Program-Synthesis-for-Efficient-ML/results/hyperparameter_sweep/coarse/raw/fp32_mul_sub_t180_i30_r02.log
fp32_mul_sub,fp32_mul,full_product,180,30,3,1,started,solved,True,30,30,30,0.4629360493272543,0.016727646812796593,420,14,2.7867751121520996,7044,-1,-1,-1,-1,-1,-1.0,-1.0,-1.0,-1.0,-1.0,/home/josephluke/Program-Synthesis-for-Efficient-ML/results/hyperparameter_sweep/coarse/raw/fp32_mul_sub_t180_i30_r03.json,/home/josephluke/Program-Synthesis-for-Efficient-ML/results/hyperparameter_sweep/coarse/raw/fp32_mul_sub_t180_i30_r03.log
