benchmark,dtype,variant,match_bits,relax_mode,budget,repetition,random_seed,driver_returncode,run_status,component_solve_status,solution_found,accepted_constraints,total_constraints,accepted_strict,accepted_final_strict,accepted_stage1,accepted_stage0,accepted_used_relaxation,true_skips,invalid_ground_truth_skips,used_relaxation,attempt_status_counts,solver_attempts,solver_runtime_seconds_total,solver_runtime_seconds_max,enum_count_primary_total,wall_seconds,luts,ffs,dsps,fmax_mhz,latency_ns,adp_lut_ns,within_rel_pct,abs_err_avg,abs_err_max,error_samples_npz
fp32_add,FP32,V1,9,fixed,nominal,1,12345,0,solved,solved,True,8,30,8,8,0,0,0,22,0,False,"{'infeasible': 1, 'solved': 8, 'timeout': 21}",30,4256.558004593477,180.17173281498253,11692324,4353.403893709183,90,0,0,30.147,33.1708,2985.372,0.2427,-1.0,-1.0,/home/josephluke/Program-Synthesis-for-Efficient-ML/results/relaxation_sweep/run1_normal_full/error_samples/fp32_add_v1_9b_r01.npz
fp32_add,FP32,V1,9,fixed,nominal,2,12346,0,solved,solved,True,11,30,11,11,0,0,0,19,0,False,"{'infeasible': 1, 'solved': 11, 'timeout': 18}",30,4119.310890994966,180.17618044279516,19102413,4167.061477661133,-1,-1,-1,-1,-1,-1.0,0.2427,-1.0,-1.0,/home/josephluke/Program-Synthesis-for-Efficient-ML/results/relaxation_sweep/run1_normal_full/error_samples/fp32_add_v1_9b_r02.npz
fp32_add,FP32,V1,9,fixed,nominal,3,12347,0,solved,solved,True,10,30,10,10,0,0,0,20,0,False,"{'infeasible': 1, 'solved': 10, 'timeout': 19}",30,4187.503646006808,180.19440558180213,16329553,4284.260101318359,90,0,0,75.284,13.283,1195.47,0.2427,-1.0,-1.0,/home/josephluke/Program-Synthesis-for-Efficient-ML/results/relaxation_sweep/run1_normal_full/error_samples/fp32_add_v1_9b_r03.npz
fp32_add,FP32,V1,19,fixed,nominal,1,12345,0,solved,solved,True,7,30,7,7,0,0,0,23,0,False,"{'infeasible': 9, 'solved': 7, 'timeout': 14}",30,3033.129377320409,180.17274295166135,11707560,3134.338386774063,376,0,0,133.316,7.501,2820.376,0.004,-1.0,-1.0,/home/josephluke/Program-Synthesis-for-Efficient-ML/results/relaxation_sweep/run1_normal_full/error_samples/fp32_add_v1_19b_r01.npz
fp32_add,FP32,V1,19,fixed,nominal,2,12346,0,solved,solved,True,8,30,8,8,0,0,0,22,0,False,"{'infeasible': 11, 'solved': 8, 'timeout': 11}",30,2197.392340552062,180.14668091200292,2115263,2300.5972983837128,358,0,0,133.316,7.501,2685.358,0.0038,-1.0,-1.0,/home/josephluke/Program-Synthesis-for-Efficient-ML/results/relaxation_sweep/run1_normal_full/error_samples/fp32_add_v1_19b_r02.npz
fp32_add,FP32,V1,19,fixed,nominal,3,12347,0,solved,solved,True,6,30,6,6,0,0,0,24,0,False,"{'infeasible': 9, 'solved': 6, 'timeout': 15}",30,3085.315002212301,180.1717971228063,8455810,3186.3038380146027,376,0,0,133.316,7.501,2820.376,0.004,-1.0,-1.0,/home/josephluke/Program-Synthesis-for-Efficient-ML/results/relaxation_sweep/run1_normal_full/error_samples/fp32_add_v1_19b_r03.npz
fp32_add,FP32,V1,24,fixed,nominal,1,12345,0,solved,solved,True,7,30,7,7,0,0,0,23,0,False,"{'infeasible': 9, 'solved': 7, 'timeout': 14}",30,3038.8417348898947,180.15867155976593,11707560,3140.2221279144287,376,0,0,133.316,7.501,2820.376,0.004,-1.0,-1.0,/home/josephluke/Program-Synthesis-for-Efficient-ML/results/relaxation_sweep/run1_normal_full/error_samples/fp32_add_v1_24b_r01.npz
fp32_add,FP32,V1,24,fixed,nominal,2,12346,0,solved,solved,True,8,30,8,8,0,0,0,22,0,False,"{'infeasible': 11, 'solved': 8, 'timeout': 11}",30,2195.827459618449,180.14802740328014,2115263,2298.289585828781,358,0,0,133.316,7.501,2685.358,0.0038,-1.0,-1.0,/home/josephluke/Program-Synthesis-for-Efficient-ML/results/relaxation_sweep/run1_normal_full/error_samples/fp32_add_v1_24b_r02.npz
fp32_add,FP32,V1,24,fixed,nominal,3,12347,0,solved,solved,True,6,30,6,6,0,0,0,24,0,False,"{'infeasible': 9, 'solved': 6, 'timeout': 15}",30,3079.3264179248363,180.1732929777354,8455810,3180.5305519104004,376,0,0,133.316,7.501,2820.376,0.004,-1.0,-1.0,/home/josephluke/Program-Synthesis-for-Efficient-ML/results/relaxation_sweep/run1_normal_full/error_samples/fp32_add_v1_24b_r03.npz
fp32_add,FP32,V1,28,fixed,nominal,1,12345,0,solved,solved,True,7,30,7,7,0,0,0,23,0,False,"{'infeasible': 9, 'solved': 7, 'timeout': 14}",30,3038.673893522471,180.17278114892542,11707560,3140.051573753357,376,0,0,133.316,7.501,2820.376,0.004,-1.0,-1.0,/home/josephluke/Program-Synthesis-for-Efficient-ML/results/relaxation_sweep/run1_normal_full/error_samples/fp32_add_v1_28b_r01.npz
fp32_add,FP32,V1,28,fixed,nominal,2,12346,0,solved,solved,True,8,30,8,8,0,0,0,22,0,False,"{'infeasible': 11, 'solved': 8, 'timeout': 11}",30,2200.9687341656536,180.14723710156977,2115263,2303.9739384651184,358,0,0,133.316,7.501,2685.358,0.0038,-1.0,-1.0,/home/josephluke/Program-Synthesis-for-Efficient-ML/results/relaxation_sweep/run1_normal_full/error_samples/fp32_add_v1_28b_r02.npz
fp32_add,FP32,V1,28,fixed,nominal,3,12347,0,solved,solved,True,6,30,6,6,0,0,0,24,0,False,"{'infeasible': 9, 'solved': 6, 'timeout': 15}",30,3082.9272564593703,180.17581423930824,8455810,3184.324109315872,376,0,0,133.316,7.501,2820.376,0.004,-1.0,-1.0,/home/josephluke/Program-Synthesis-for-Efficient-ML/results/relaxation_sweep/run1_normal_full/error_samples/fp32_add_v1_28b_r03.npz
fp32_add,FP32,V1,32,fixed,nominal,1,12345,0,solved,solved,True,7,30,7,7,0,0,0,23,0,False,"{'fail': 1, 'solved': 7, 'timeout': 22}",30,4370.525229085237,180.1711382418871,11476009,4471.19235086441,331,0,0,133.316,7.501,2482.831,0.0874,-1.0,-1.0,/home/josephluke/Program-Synthesis-for-Efficient-ML/results/relaxation_sweep/run1_normal_full/error_samples/fp32_add_v1_32b_r01.npz
fp32_add,FP32,V1,32,fixed,nominal,2,12346,0,solved,solved,True,9,30,9,9,0,0,0,21,0,False,"{'fail': 1, 'solved': 9, 'timeout': 20}",30,4287.885265795514,180.17340300790966,17960491,4388.920181512833,331,0,0,133.316,7.501,2482.831,0.0874,-1.0,-1.0,/home/josephluke/Program-Synthesis-for-Efficient-ML/results/relaxation_sweep/run1_normal_full/error_samples/fp32_add_v1_32b_r02.npz
fp32_add,FP32,V1,32,fixed,nominal,3,12347,0,solved,solved,True,6,30,6,6,0,0,0,24,0,False,"{'fail': 1, 'solved': 6, 'timeout': 23}",30,4441.641555126756,180.16927851736546,8235692,4542.607045650482,331,0,0,133.316,7.501,2482.831,0.0874,-1.0,-1.0,/home/josephluke/Program-Synthesis-for-Efficient-ML/results/relaxation_sweep/run1_normal_full/error_samples/fp32_add_v1_32b_r03.npz
fp32_add,FP32,V1,32,staged,nominal,1,12345,0,solved,solved,True,8,30,4,4,0,4,4,22,0,True,"{'fail': 1, 'infeasible': 2, 'solved': 8, 'timeout': 50}",61,9620.935796452686,180.18276946619153,15484205,9716.856929779053,102,0,0,33.542,29.8134,3040.9668,0.0259,-1.0,-1.0,/home/josephluke/Program-Synthesis-for-Efficient-ML/results/relaxation_sweep/run1_normal_full/error_samples/fp32_add_v1_staged_r01.npz
fp32_add,FP32,V1,32,staged,nominal,2,12346,0,solved,solved,True,8,30,5,5,0,3,3,22,0,True,"{'fail': 1, 'infeasible': 2, 'solved': 8, 'timeout': 48}",59,9257.047148590907,180.1834178864956,15473498,9357.35670876503,285,0,0,139.063,7.191,2049.435,0.0374,-1.0,-1.0,/home/josephluke/Program-Synthesis-for-Efficient-ML/results/relaxation_sweep/run1_normal_full/error_samples/fp32_add_v1_staged_r02.npz
fp32_add,FP32,V1,32,staged,nominal,3,12347,0,solved,solved,True,8,30,5,5,0,3,3,22,0,True,"{'fail': 1, 'infeasible': 2, 'solved': 8, 'timeout': 48}",59,9252.332101721317,180.18456775136292,15484614,9352.643747091293,285,0,0,139.063,7.191,2049.435,0.0374,-1.0,-1.0,/home/josephluke/Program-Synthesis-for-Efficient-ML/results/relaxation_sweep/run1_normal_full/error_samples/fp32_add_v1_staged_r03.npz
fp32_add,FP32,V2,24,fixed,nominal,1,12345,0,solved,solved,True,12,30,12,12,0,0,0,18,0,False,"{'infeasible': 8, 'solved': 12, 'timeout': 10}",30,2171.1448232587427,180.151839569211,5845205,2270.3350439071655,388,0,0,239.292,4.179,1621.452,0.7387999999999999,-1.0,-1.0,/home/josephluke/Program-Synthesis-for-Efficient-ML/results/relaxation_sweep/run1_normal_full/error_samples/fp32_add_v2_24b_r01.npz
fp32_add,FP32,V2,24,fixed,nominal,2,12346,0,solved,solved,True,9,30,9,9,0,0,0,21,0,False,"{'infeasible': 10, 'solved': 9, 'timeout': 11}",30,2036.557638451457,180.14809972792864,689974,2138.8571751117706,320,0,0,133.316,7.501,2400.32,0.0033,-1.0,-1.0,/home/josephluke/Program-Synthesis-for-Efficient-ML/results/relaxation_sweep/run1_normal_full/error_samples/fp32_add_v2_24b_r02.npz
fp32_add,FP32,V2,24,fixed,nominal,3,12347,0,solved,solved,True,12,30,12,12,0,0,0,18,0,False,"{'infeasible': 8, 'solved': 12, 'timeout': 10}",30,1914.75220092386,180.1525743547827,1161889,2014.4871056079865,426,0,0,239.292,4.179,1780.2540000000001,0.7362000000000001,-1.0,-1.0,/home/josephluke/Program-Synthesis-for-Efficient-ML/results/relaxation_sweep/run1_normal_full/error_samples/fp32_add_v2_24b_r03.npz
fp32_add,FP32,V2,32,fixed,nominal,1,12345,0,solved,solved,True,12,30,12,12,0,0,0,18,0,False,"{'fail': 8, 'solved': 12, 'timeout': 10}",30,2087.7581001743674,180.15595906414092,5845205,2186.808279275894,388,0,0,239.292,4.179,1621.452,0.7387999999999999,-1.0,-1.0,/home/josephluke/Program-Synthesis-for-Efficient-ML/results/relaxation_sweep/run1_normal_full/error_samples/fp32_add_v2_32b_r01.npz
fp32_add,FP32,V2,32,fixed,nominal,2,12346,0,solved,solved,True,9,30,9,9,0,0,0,21,0,False,"{'fail': 10, 'solved': 9, 'timeout': 11}",30,2025.1815143376589,180.14683194458485,689974,2127.4762604236603,320,0,0,133.316,7.501,2400.32,0.0033,-1.0,-1.0,/home/josephluke/Program-Synthesis-for-Efficient-ML/results/relaxation_sweep/run1_normal_full/error_samples/fp32_add_v2_32b_r02.npz
fp32_add,FP32,V2,32,fixed,nominal,3,12347,0,solved,solved,True,12,30,12,12,0,0,0,18,0,False,"{'fail': 8, 'solved': 12, 'timeout': 10}",30,1879.6061453465372,180.15177249535918,1161889,1979.5196840763092,426,0,0,239.292,4.179,1780.2540000000001,0.7362000000000001,-1.0,-1.0,/home/josephluke/Program-Synthesis-for-Efficient-ML/results/relaxation_sweep/run1_normal_full/error_samples/fp32_add_v2_32b_r03.npz
fp32_add,FP32,V2,32,fixed,stress,1,12345,0,solved,solved,True,3,10,3,3,0,0,0,7,0,False,"{'fail': 7, 'solved': 3}",10,3.526157397776842,2.5426852703094482,74912,98.43633103370667,41,0,0,-1,-1,-1.0,0.002,-1.0,-1.0,/home/josephluke/Program-Synthesis-for-Efficient-ML/results/relaxation_sweep/run1_normal_full/error_samples/fp32_add_v2_32b_stress_r01.npz
fp32_add,FP32,V2,32,fixed,stress,2,12346,0,solved,solved,True,3,10,3,3,0,0,0,7,0,False,"{'fail': 7, 'solved': 3}",10,3.555293148383498,2.5741202645003796,74912,98.92420697212219,41,0,0,-1,-1,-1.0,0.002,-1.0,-1.0,/home/josephluke/Program-Synthesis-for-Efficient-ML/results/relaxation_sweep/run1_normal_full/error_samples/fp32_add_v2_32b_stress_r02.npz
fp32_add,FP32,V2,32,fixed,stress,3,12347,0,solved,solved,True,3,10,3,3,0,0,0,7,0,False,"{'fail': 7, 'solved': 3}",10,3.3924365881830454,2.4438094682991505,74912,98.24203872680664,41,0,0,-1,-1,-1.0,0.002,-1.0,-1.0,/home/josephluke/Program-Synthesis-for-Efficient-ML/results/relaxation_sweep/run1_normal_full/error_samples/fp32_add_v2_32b_stress_r03.npz
fp32_add,FP32,V2,32,staged,nominal,1,12345,0,solved,solved,True,16,30,15,15,0,1,1,14,0,True,"{'fail': 6, 'infeasible': 10, 'solved': 16, 'timeout': 20}",52,4133.8340362962335,180.1597961615771,6315261,4233.355161905289,388,0,0,239.292,4.179,1621.452,0.7387999999999999,-1.0,-1.0,/home/josephluke/Program-Synthesis-for-Efficient-ML/results/relaxation_sweep/run1_normal_full/error_samples/fp32_add_v2_staged_r01.npz
fp32_add,FP32,V2,32,staged,nominal,2,12346,0,solved,solved,True,17,30,15,15,0,2,2,13,0,True,"{'fail': 6, 'infeasible': 10, 'solved': 17, 'timeout': 20}",53,4241.970567621291,180.15089444443583,5100209,4341.938190937042,424,0,0,239.292,4.179,1771.8960000000002,0.9765,-1.0,-1.0,/home/josephluke/Program-Synthesis-for-Efficient-ML/results/relaxation_sweep/run1_normal_full/error_samples/fp32_add_v2_staged_r02.npz
fp32_add,FP32,V2,32,staged,nominal,3,12347,0,solved,solved,True,16,30,15,15,0,1,1,14,0,True,"{'fail': 6, 'infeasible': 10, 'solved': 16, 'timeout': 20}",52,4127.921824971214,180.14591613598168,6307253,4225.877015829086,388,0,0,239.292,4.179,1621.452,0.7387999999999999,-1.0,-1.0,/home/josephluke/Program-Synthesis-for-Efficient-ML/results/relaxation_sweep/run1_normal_full/error_samples/fp32_add_v2_staged_r03.npz
fp32_add,FP32,V2,32,staged,stress,1,12345,0,solved,solved,True,6,10,5,5,0,1,1,4,0,True,"{'fail': 6, 'infeasible': 10, 'solved': 6}",22,9.365856781601906,2.539580265060067,208320,107.14964437484741,340,0,0,239.292,4.179,1420.8600000000001,0.7314,-1.0,-1.0,/home/josephluke/Program-Synthesis-for-Efficient-ML/results/relaxation_sweep/run1_normal_full/error_samples/fp32_add_v2_staged_stress_r01.npz
fp32_add,FP32,V2,32,staged,stress,2,12346,0,solved,solved,True,6,10,5,5,0,1,1,4,0,True,"{'fail': 6, 'infeasible': 10, 'solved': 6}",22,9.480299524962902,2.6286393720656633,208320,107.38449764251709,340,0,0,239.292,4.179,1420.8600000000001,0.7314,-1.0,-1.0,/home/josephluke/Program-Synthesis-for-Efficient-ML/results/relaxation_sweep/run1_normal_full/error_samples/fp32_add_v2_staged_stress_r02.npz
fp32_add,FP32,V2,32,staged,stress,3,12347,0,solved,solved,True,6,10,5,5,0,1,1,4,0,True,"{'fail': 6, 'infeasible': 10, 'solved': 6}",22,9.363544955849648,2.5720906741917133,208320,105.5735456943512,340,0,0,239.292,4.179,1420.8600000000001,0.7314,-1.0,-1.0,/home/josephluke/Program-Synthesis-for-Efficient-ML/results/relaxation_sweep/run1_normal_full/error_samples/fp32_add_v2_staged_stress_r03.npz
fp32_mul,FP32,V1,9,fixed,nominal,1,12345,0,solved,solved,True,29,30,29,29,0,0,0,1,0,False,"{'infeasible': 1, 'solved': 29}",30,11.854076093062758,0.6651820819824934,79674,107.85718250274658,34,0,3,87.283,11.457,389.538,0.1265,-1.0,-1.0,/home/josephluke/Program-Synthesis-for-Efficient-ML/results/relaxation_sweep/run1_normal_full/error_samples/fp32_mul_v1_9b_r01.npz
fp32_mul,FP32,V1,9,fixed,nominal,2,12346,0,solved,solved,True,29,30,29,29,0,0,0,1,0,False,"{'infeasible': 1, 'solved': 29}",30,11.700706886127591,0.6769286766648293,76735,106.93884086608887,34,0,3,87.283,11.457,389.538,0.1265,-1.0,-1.0,/home/josephluke/Program-Synthesis-for-Efficient-ML/results/relaxation_sweep/run1_normal_full/error_samples/fp32_mul_v1_9b_r02.npz
fp32_mul,FP32,V1,9,fixed,nominal,3,12347,0,solved,solved,True,29,30,29,29,0,0,0,1,0,False,"{'infeasible': 1, 'solved': 29}",30,11.910443285480142,0.6847946960479021,79368,107.53114128112793,34,0,3,87.283,11.457,389.538,0.1265,-1.0,-1.0,/home/josephluke/Program-Synthesis-for-Efficient-ML/results/relaxation_sweep/run1_normal_full/error_samples/fp32_mul_v1_9b_r03.npz
fp32_mul,FP32,V1,19,fixed,nominal,1,12345,0,solved,solved,True,14,30,14,14,0,0,0,16,0,False,"{'infeasible': 5, 'solved': 14, 'timeout': 11}",30,2980.218463892117,180.25520466640592,8629996,3075.481101989746,21,0,2,87.283,11.457,240.597,0.9046,-1.0,-1.0,/home/josephluke/Program-Synthesis-for-Efficient-ML/results/relaxation_sweep/run1_normal_full/error_samples/fp32_mul_v1_19b_r01.npz
fp32_mul,FP32,V1,19,fixed,nominal,2,12346,0,solved,solved,True,15,30,15,15,0,0,0,15,0,False,"{'infeasible': 1, 'solved': 15, 'timeout': 14}",30,3325.948297806084,180.24287416040897,6337154,3421.2996006011963,21,0,2,87.283,11.457,240.597,0.9046,-1.0,-1.0,/home/josephluke/Program-Synthesis-for-Efficient-ML/results/relaxation_sweep/run1_normal_full/error_samples/fp32_mul_v1_19b_r02.npz
fp32_mul,FP32,V1,19,fixed,nominal,3,12347,0,solved,solved,True,15,30,15,15,0,0,0,15,0,False,"{'infeasible': 2, 'solved': 15, 'timeout': 13}",30,3412.2274151295424,180.25433050468564,8845065,3507.278082847595,21,0,2,87.283,11.457,240.597,0.9046,-1.0,-1.0,/home/josephluke/Program-Synthesis-for-Efficient-ML/results/relaxation_sweep/run1_normal_full/error_samples/fp32_mul_v1_19b_r03.npz
fp32_mul,FP32,V1,24,fixed,nominal,1,12345,0,solved,solved,True,14,30,14,14,0,0,0,16,0,False,"{'infeasible': 5, 'solved': 14, 'timeout': 11}",30,2987.9514953754842,180.2687962539494,8689722,3082.8907985687256,21,0,2,87.283,11.457,240.597,0.9046,-1.0,-1.0,/home/josephluke/Program-Synthesis-for-Efficient-ML/results/relaxation_sweep/run1_normal_full/error_samples/fp32_mul_v1_24b_r01.npz
fp32_mul,FP32,V1,24,fixed,nominal,2,12346,0,solved,solved,True,15,30,15,15,0,0,0,15,0,False,"{'infeasible': 1, 'solved': 15, 'timeout': 14}",30,3333.0276488773525,180.24507741257548,6337154,3428.2936322689056,21,0,2,87.283,11.457,240.597,0.9046,-1.0,-1.0,/home/josephluke/Program-Synthesis-for-Efficient-ML/results/relaxation_sweep/run1_normal_full/error_samples/fp32_mul_v1_24b_r02.npz
fp32_mul,FP32,V1,24,fixed,nominal,3,12347,0,solved,solved,True,15,30,15,15,0,0,0,15,0,False,"{'infeasible': 2, 'solved': 15, 'timeout': 13}",30,3414.4596917573363,180.25600430555642,8845065,3509.796936273575,21,0,2,87.283,11.457,240.597,0.9046,-1.0,-1.0,/home/josephluke/Program-Synthesis-for-Efficient-ML/results/relaxation_sweep/run1_normal_full/error_samples/fp32_mul_v1_24b_r03.npz
fp32_mul,FP32,V1,28,fixed,nominal,1,12345,0,solved,solved,True,14,30,14,14,0,0,0,16,0,False,"{'infeasible': 5, 'solved': 14, 'timeout': 11}",30,2985.227205870673,180.26609927602112,8689722,3080.5769879817963,21,0,2,87.283,11.457,240.597,0.9046,-1.0,-1.0,/home/josephluke/Program-Synthesis-for-Efficient-ML/results/relaxation_sweep/run1_normal_full/error_samples/fp32_mul_v1_28b_r01.npz
fp32_mul,FP32,V1,28,fixed,nominal,2,12346,0,solved,solved,True,15,30,15,15,0,0,0,15,0,False,"{'infeasible': 1, 'solved': 15, 'timeout': 14}",30,3331.9687236472964,180.24749937094748,6337154,3427.2357075214386,21,0,2,87.283,11.457,240.597,0.9046,-1.0,-1.0,/home/josephluke/Program-Synthesis-for-Efficient-ML/results/relaxation_sweep/run1_normal_full/error_samples/fp32_mul_v1_28b_r02.npz
fp32_mul,FP32,V1,28,fixed,nominal,3,12347,0,solved,solved,True,15,30,15,15,0,0,0,15,0,False,"{'infeasible': 2, 'solved': 15, 'timeout': 13}",30,3431.97315989621,180.26964159868658,8982478,3527.3559489250183,21,0,2,87.283,11.457,240.597,0.9046,-1.0,-1.0,/home/josephluke/Program-Synthesis-for-Efficient-ML/results/relaxation_sweep/run1_normal_full/error_samples/fp32_mul_v1_28b_r03.npz
fp32_mul,FP32,V1,32,fixed,nominal,1,12345,0,solved,solved,True,15,30,15,15,0,0,0,15,0,False,"{'fail': 4, 'solved': 15, 'timeout': 11}",30,2007.7560501489788,180.37791007384658,508044,2102.9514842033386,15,0,2,113.314,8.825,132.375,0.5524,-1.0,-1.0,/home/josephluke/Program-Synthesis-for-Efficient-ML/results/relaxation_sweep/run1_normal_full/error_samples/fp32_mul_v1_32b_r01.npz
fp32_mul,FP32,V1,32,fixed,nominal,2,12346,0,solved,solved,True,12,30,12,12,0,0,0,18,0,False,"{'fail': 9, 'solved': 12, 'timeout': 9}",30,1658.6181933898479,180.38746234588325,791350,1754.187703371048,15,0,2,113.314,8.825,132.375,0.5524,-1.0,-1.0,/home/josephluke/Program-Synthesis-for-Efficient-ML/results/relaxation_sweep/run1_normal_full/error_samples/fp32_mul_v1_32b_r02.npz
fp32_mul,FP32,V1,32,fixed,nominal,3,12347,0,solved,solved,True,8,30,8,8,0,0,0,22,0,False,"{'fail': 2, 'solved': 8, 'timeout': 20}",30,3948.4875944033265,180.39570096321404,5864975,4043.8552107810974,32,0,2,87.283,11.457,366.624,0.9046,-1.0,-1.0,/home/josephluke/Program-Synthesis-for-Efficient-ML/results/relaxation_sweep/run1_normal_full/error_samples/fp32_mul_v1_32b_r03.npz
fp32_mul,FP32,V1,32,staged,nominal,1,12345,0,solved,solved,True,10,30,8,8,0,2,2,20,0,True,"{'fail': 4, 'infeasible': 8, 'solved': 10, 'timeout': 36}",58,7086.107630968094,180.38852249272168,6338076,7181.702367782593,10,0,2,87.283,11.457,114.57000000000001,0.6598,-1.0,-1.0,/home/josephluke/Program-Synthesis-for-Efficient-ML/results/relaxation_sweep/run1_normal_full/error_samples/fp32_mul_v1_staged_r01.npz
fp32_mul,FP32,V1,32,staged,nominal,2,12346,0,solved,solved,True,17,30,12,12,0,5,5,13,0,True,"{'fail': 9, 'infeasible': 18, 'solved': 17, 'timeout': 18}",62,3464.0914114248008,180.38406039215624,2983198,3559.0848927497864,14,0,2,87.283,11.457,160.39800000000002,0.6598,-1.0,-1.0,/home/josephluke/Program-Synthesis-for-Efficient-ML/results/relaxation_sweep/run1_normal_full/error_samples/fp32_mul_v1_staged_r02.npz
fp32_mul,FP32,V1,32,staged,nominal,3,12347,0,solved,solved,True,8,30,8,8,0,0,0,22,0,False,"{'fail': 2, 'infeasible': 4, 'solved': 8, 'timeout': 40}",54,7553.477533431724,180.3863668758422,5882493,7648.557027339935,32,0,2,87.283,11.457,366.624,0.9046,-1.0,-1.0,/home/josephluke/Program-Synthesis-for-Efficient-ML/results/relaxation_sweep/run1_normal_full/error_samples/fp32_mul_v1_staged_r03.npz
fp32_mul,FP32,V2,24,fixed,nominal,1,12345,0,solved,solved,True,30,30,30,30,0,0,0,0,0,False,{'solved': 30},30,2.1661453023552895,0.12369143217802048,7662,97.09168672561646,32,0,2,87.283,11.457,366.624,0.9046,-1.0,-1.0,/home/josephluke/Program-Synthesis-for-Efficient-ML/results/relaxation_sweep/run1_normal_full/error_samples/fp32_mul_v2_24b_r01.npz
fp32_mul,FP32,V2,24,fixed,nominal,2,12346,0,solved,solved,True,30,30,30,30,0,0,0,0,0,False,{'solved': 30},30,1.3411915432661772,0.054167427122592926,2361,96.43555951118469,21,0,2,87.283,11.457,240.597,0.9046,-1.0,-1.0,/home/josephluke/Program-Synthesis-for-Efficient-ML/results/relaxation_sweep/run1_normal_full/error_samples/fp32_mul_v2_24b_r02.npz
fp32_mul,FP32,V2,24,fixed,nominal,3,12347,0,solved,solved,True,30,30,30,30,0,0,0,0,0,False,{'solved': 30},30,1.330912807956338,0.05430518090724945,2397,96.28542828559875,21,0,2,87.283,11.457,240.597,0.9046,-1.0,-1.0,/home/josephluke/Program-Synthesis-for-Efficient-ML/results/relaxation_sweep/run1_normal_full/error_samples/fp32_mul_v2_24b_r03.npz
fp32_mul,FP32,V2,32,fixed,nominal,1,12345,0,solved,solved,True,30,30,30,30,0,0,0,0,0,False,{'solved': 30},30,1.944911815226078,0.0888128187507391,9967,97.13196182250977,32,0,2,87.283,11.457,366.624,0.9046,-1.0,-1.0,/home/josephluke/Program-Synthesis-for-Efficient-ML/results/relaxation_sweep/run1_normal_full/error_samples/fp32_mul_v2_32b_r01.npz
fp32_mul,FP32,V2,32,fixed,nominal,2,12346,0,solved,solved,True,30,30,30,30,0,0,0,0,0,False,{'solved': 30},30,1.8859134074300528,0.08990288153290749,9013,97.06975936889648,32,0,2,87.283,11.457,366.624,0.9046,-1.0,-1.0,/home/josephluke/Program-Synthesis-for-Efficient-ML/results/relaxation_sweep/run1_normal_full/error_samples/fp32_mul_v2_32b_r02.npz
fp32_mul,FP32,V2,32,fixed,nominal,3,12347,0,solved,solved,True,30,30,30,30,0,0,0,0,0,False,{'solved': 30},30,1.9549492076039314,0.08864154666662216,10507,96.6922173500061,32,0,2,87.283,11.457,366.624,0.9046,-1.0,-1.0,/home/josephluke/Program-Synthesis-for-Efficient-ML/results/relaxation_sweep/run1_normal_full/error_samples/fp32_mul_v2_32b_r03.npz
fp32_mul,FP32,V2,32,fixed,stress,1,12345,0,solved,solved,True,10,10,10,10,0,0,0,0,0,False,{'solved': 10},10,0.43897342681884766,0.056913021951913834,1264,95.51199913024902,32,0,2,87.283,11.457,366.624,0.9046,-1.0,-1.0,/home/josephluke/Program-Synthesis-for-Efficient-ML/results/relaxation_sweep/run1_normal_full/error_samples/fp32_mul_v2_32b_stress_r01.npz
fp32_mul,FP32,V2,32,fixed,stress,2,12346,0,solved,solved,True,10,10,10,10,0,0,0,0,0,False,{'solved': 10},10,0.41684576123952866,0.04320085607469082,641,95.64664268493652,21,0,2,87.283,11.457,240.597,0.9046,-1.0,-1.0,/home/josephluke/Program-Synthesis-for-Efficient-ML/results/relaxation_sweep/run1_normal_full/error_samples/fp32_mul_v2_32b_stress_r02.npz
fp32_mul,FP32,V2,32,fixed,stress,3,12347,0,solved,solved,True,10,10,10,10,0,0,0,0,0,False,{'solved': 10},10,0.46022692881524563,0.057717958465218544,1827,95.52614665031433,32,0,2,87.283,11.457,366.624,0.9046,-1.0,-1.0,/home/josephluke/Program-Synthesis-for-Efficient-ML/results/relaxation_sweep/run1_normal_full/error_samples/fp32_mul_v2_32b_stress_r03.npz
fp32_mul,FP32,V2,32,staged,nominal,1,12345,0,solved,solved,True,30,30,30,30,0,0,0,0,0,False,{'solved': 30},30,1.9484064634889364,0.08926020003855228,9967,96.99057221412659,32,0,2,87.283,11.457,366.624,0.9046,-1.0,-1.0,/home/josephluke/Program-Synthesis-for-Efficient-ML/results/relaxation_sweep/run1_normal_full/error_samples/fp32_mul_v2_staged_r01.npz
fp32_mul,FP32,V2,32,staged,nominal,2,12346,0,solved,solved,True,30,30,30,30,0,0,0,0,0,False,{'solved': 30},30,1.8824329916387796,0.08852778002619743,9013,97.12672138214111,32,0,2,87.283,11.457,366.624,0.9046,-1.0,-1.0,/home/josephluke/Program-Synthesis-for-Efficient-ML/results/relaxation_sweep/run1_normal_full/error_samples/fp32_mul_v2_staged_r02.npz
fp32_mul,FP32,V2,32,staged,nominal,3,12347,0,solved,solved,True,30,30,30,30,0,0,0,0,0,False,{'solved': 30},30,1.9703129958361387,0.08877946622669697,10507,97.35809326171875,32,0,2,87.283,11.457,366.624,0.9046,-1.0,-1.0,/home/josephluke/Program-Synthesis-for-Efficient-ML/results/relaxation_sweep/run1_normal_full/error_samples/fp32_mul_v2_staged_r03.npz
fp32_mul,FP32,V2,32,staged,stress,1,12345,0,solved,solved,True,10,10,10,10,0,0,0,0,0,False,{'solved': 10},10,0.442195326089859,0.05734247714281082,1264,95.79016637802124,32,0,2,87.283,11.457,366.624,0.9046,-1.0,-1.0,/home/josephluke/Program-Synthesis-for-Efficient-ML/results/relaxation_sweep/run1_normal_full/error_samples/fp32_mul_v2_staged_stress_r01.npz
fp32_mul,FP32,V2,32,staged,stress,2,12346,0,solved,solved,True,10,10,10,10,0,0,0,0,0,False,{'solved': 10},10,0.4124163445085287,0.042557863518595695,641,95.39440488815308,21,0,2,87.283,11.457,240.597,0.9046,-1.0,-1.0,/home/josephluke/Program-Synthesis-for-Efficient-ML/results/relaxation_sweep/run1_normal_full/error_samples/fp32_mul_v2_staged_stress_r02.npz
fp32_mul,FP32,V2,32,staged,stress,3,12347,0,solved,solved,True,10,10,10,10,0,0,0,0,0,False,{'solved': 10},10,0.4624370262026787,0.058403048664331436,1827,95.89495396614075,32,0,2,87.283,11.457,366.624,0.9046,-1.0,-1.0,/home/josephluke/Program-Synthesis-for-Efficient-ML/results/relaxation_sweep/run1_normal_full/error_samples/fp32_mul_v2_staged_stress_r03.npz
mxint8_add,MXINT8,V1,4,fixed,nominal,1,12345,0,solved,solved,True,11,30,11,11,0,0,0,19,0,False,"{'solved': 11, 'timeout': 19}",30,4125.526639830321,180.2189885172993,4368794,4177.289480447769,-1,-1,-1,-1,-1,-1.0,0.39149999999999996,11.2852446875,64.0,/home/josephluke/Program-Synthesis-for-Efficient-ML/results/relaxation_sweep/run1_normal_full/error_samples/mxint8_add_v1_4b_r01.npz
mxint8_add,MXINT8,V1,4,fixed,nominal,2,12346,0,solved,solved,True,10,30,10,10,0,0,0,20,0,False,"{'solved': 10, 'timeout': 20}",30,4330.592607235536,180.2386172171682,4615807,4451.7407166957855,32,0,0,-1,-1,-1.0,0.2102,17.67015248046875,84.0,/home/josephluke/Program-Synthesis-for-Efficient-ML/results/relaxation_sweep/run1_normal_full/error_samples/mxint8_add_v1_4b_r02.npz
mxint8_add,MXINT8,V1,4,fixed,nominal,3,12347,0,solved,solved,True,16,30,16,16,0,0,0,14,0,False,"{'solved': 16, 'timeout': 14}",30,3762.3473124150187,180.23340831696987,5218216,3884.037336587906,47,0,0,-1,-1,-1.0,0.3607,11.77741171875,64.0,/home/josephluke/Program-Synthesis-for-Efficient-ML/results/relaxation_sweep/run1_normal_full/error_samples/mxint8_add_v1_4b_r03.npz
mxint8_add,MXINT8,V1,5,fixed,nominal,1,12345,0,solved,solved,True,11,30,11,11,0,0,0,19,0,False,"{'solved': 11, 'timeout': 19}",30,4117.2814479563385,180.25300538353622,4368794,4239.2116355896,45,0,0,-1,-1,-1.0,0.38880000000000003,11.31623921875,64.0,/home/josephluke/Program-Synthesis-for-Efficient-ML/results/relaxation_sweep/run1_normal_full/error_samples/mxint8_add_v1_5b_r01.npz
mxint8_add,MXINT8,V1,5,fixed,nominal,2,12346,0,solved,solved,True,10,30,10,10,0,0,0,20,0,False,"{'solved': 10, 'timeout': 20}",30,4341.596756579354,180.23693629354239,4604393,4463.322195768356,35,0,0,67.476,14.8201,518.7035,0.2141,17.513657265625,84.0,/home/josephluke/Program-Synthesis-for-Efficient-ML/results/relaxation_sweep/run1_normal_full/error_samples/mxint8_add_v1_5b_r02.npz
mxint8_add,MXINT8,V1,5,fixed,nominal,3,12347,0,solved,solved,True,14,30,14,14,0,0,0,16,0,False,"{'solved': 14, 'timeout': 16}",30,3838.4396379757673,180.2491830419749,4216983,3960.6701781749725,49,0,0,56.208,17.7911,871.7639,0.3765,11.7470140625,56.0,/home/josephluke/Program-Synthesis-for-Efficient-ML/results/relaxation_sweep/run1_normal_full/error_samples/mxint8_add_v1_5b_r03.npz
mxint8_add,MXINT8,V1,6,fixed,nominal,1,12345,0,solved,solved,True,10,30,10,10,0,0,0,20,0,False,"{'solved': 10, 'timeout': 20}",30,4122.074344020337,180.2249767035246,3445777,4244.007328748703,45,0,0,59.478,16.8129,756.5804999999999,0.3896,11.358325625,64.0,/home/josephluke/Program-Synthesis-for-Efficient-ML/results/relaxation_sweep/run1_normal_full/error_samples/mxint8_add_v1_6b_r01.npz
mxint8_add,MXINT8,V1,6,fixed,nominal,2,12346,0,solved,solved,True,7,30,7,7,0,0,0,23,0,False,"{'solved': 7, 'timeout': 23}",30,4649.257397051901,180.2471045088023,3075679,4771.793405056,44,0,0,67.476,14.8201,652.0844,0.17809999999999998,25.846644741210937,104.0,/home/josephluke/Program-Synthesis-for-Efficient-ML/results/relaxation_sweep/run1_normal_full/error_samples/mxint8_add_v1_6b_r02.npz
mxint8_add,MXINT8,V1,6,fixed,nominal,3,12347,0,solved,solved,True,7,30,7,7,0,0,0,23,0,False,"{'solved': 7, 'timeout': 23}",30,4509.979363499209,180.2503116838634,2414742,4631.470280408859,48,0,0,56.208,17.7911,853.9728,0.1528,41.521647421875,224.0,/home/josephluke/Program-Synthesis-for-Efficient-ML/results/relaxation_sweep/run1_normal_full/error_samples/mxint8_add_v1_6b_r03.npz
mxint8_add,MXINT8,V1,7,fixed,nominal,1,12345,0,solved,solved,True,7,30,7,7,0,0,0,23,0,False,"{'solved': 7, 'timeout': 23}",30,4668.530717562884,180.25059960596263,4731462,4791.411240339279,76,0,0,59.478,16.8129,1277.7803999999999,0.30469999999999997,18.37141765625,128.0,/home/josephluke/Program-Synthesis-for-Efficient-ML/results/relaxation_sweep/run1_normal_full/error_samples/mxint8_add_v1_7b_r01.npz
mxint8_add,MXINT8,V1,7,fixed,nominal,2,12346,0,solved,solved,True,4,30,4,4,0,0,0,26,0,False,"{'solved': 4, 'timeout': 26}",30,4865.728202249855,180.25408746115863,1343443,5006.3207840919495,62,0,0,49.366,20.2569,1255.9278000000002,0.6323,10.376783369140625,84.0,/home/josephluke/Program-Synthesis-for-Efficient-ML/results/relaxation_sweep/run1_normal_full/error_samples/mxint8_add_v1_7b_r02.npz
mxint8_add,MXINT8,V1,7,fixed,nominal,3,12347,0,solved,solved,True,6,30,6,6,0,0,0,24,0,False,"{'solved': 6, 'timeout': 24}",30,4758.418986596167,180.2376804407686,2918958,4881.177179098129,48,0,0,56.208,17.7911,853.9728,0.5163,8.53333515625,64.0,/home/josephluke/Program-Synthesis-for-Efficient-ML/results/relaxation_sweep/run1_normal_full/error_samples/mxint8_add_v1_7b_r03.npz
mxint8_add,MXINT8,V1,8,fixed,nominal,1,12345,0,solved,solved,True,6,30,6,6,0,0,0,24,0,False,"{'solved': 6, 'timeout': 24}",30,4746.616639241576,180.2802918087691,4683702,4868.633390903473,76,0,0,59.478,16.8129,1277.7803999999999,0.3039,18.667195625,128.0,/home/josephluke/Program-Synthesis-for-Efficient-ML/results/relaxation_sweep/run1_normal_full/error_samples/mxint8_add_v1_8b_r01.npz
mxint8_add,MXINT8,V1,8,fixed,nominal,2,12346,0,solved,solved,True,6,30,6,6,0,0,0,24,0,False,"{'fail': 1, 'solved': 6, 'timeout': 23}",30,4440.846079237759,180.269243452698,3349798,4561.96982216835,32,0,0,-1,-1,-1.0,0.1323,35.57232946289062,176.0,/home/josephluke/Program-Synthesis-for-Efficient-ML/results/relaxation_sweep/run1_normal_full/error_samples/mxint8_add_v1_8b_r02.npz
mxint8_add,MXINT8,V1,8,fixed,nominal,3,12347,0,solved,solved,True,5,30,5,5,0,0,0,25,0,False,"{'fail': 3, 'solved': 5, 'timeout': 22}",30,4206.403902469203,180.27248015441,2573346,4327.937290430069,41,0,0,-1,-1,-1.0,0.1469,32.2025503125,160.0,/home/josephluke/Program-Synthesis-for-Efficient-ML/results/relaxation_sweep/run1_normal_full/error_samples/mxint8_add_v1_8b_r03.npz
mxint8_add,MXINT8,V1,8,staged,nominal,1,12345,0,solved,solved,True,6,30,6,6,0,0,0,24,0,False,"{'solved': 6, 'timeout': 48}",54,9045.197771603242,180.28858319856226,4683702,9167.43178319931,76,0,0,59.478,16.8129,1277.7803999999999,0.30469999999999997,18.59558984375,128.0,/home/josephluke/Program-Synthesis-for-Efficient-ML/results/relaxation_sweep/run1_normal_full/error_samples/mxint8_add_v1_staged_r01.npz
mxint8_add,MXINT8,V1,8,staged,nominal,2,12346,0,solved,solved,True,5,30,3,3,1,1,2,25,0,True,"{'fail': 2, 'infeasible': 2, 'solved': 6, 'timeout': 51}",61,9803.316752441227,180.25929750874639,4675490,9924.623975515366,49,0,0,61.793,16.1831,792.9719,0.1699,26.5452984765625,160.0,/home/josephluke/Program-Synthesis-for-Efficient-ML/results/relaxation_sweep/run1_normal_full/error_samples/mxint8_add_v1_staged_r02.npz
mxint8_add,MXINT8,V1,8,staged,nominal,3,12347,0,solved,solved,True,6,30,5,5,1,0,1,24,0,True,"{'fail': 3, 'infeasible': 4, 'solved': 6, 'timeout': 44}",57,8286.31234434992,180.24392810836434,3076424,8408.034726142883,41,0,0,64.029,15.6179,640.3339,0.1464,32.10805953125,160.0,/home/josephluke/Program-Synthesis-for-Efficient-ML/results/relaxation_sweep/run1_normal_full/error_samples/mxint8_add_v1_staged_r03.npz
mxint8_add,MXINT8,V2,4,fixed,nominal,1,12345,0,solved,solved,True,11,30,11,11,0,0,0,19,0,False,"{'infeasible': 4, 'solved': 11, 'timeout': 15}",30,3200.6080088950694,180.16966920159757,1559651,3324.483227491379,50,0,0,45.169,22.1391,1106.955,0.1338,56.46450421875,192.0,/home/josephluke/Program-Synthesis-for-Efficient-ML/results/relaxation_sweep/run1_normal_full/error_samples/mxint8_add_v2_4b_r01.npz
mxint8_add,MXINT8,V2,4,fixed,nominal,2,12346,0,solved,solved,True,16,30,16,16,0,0,0,14,0,False,"{'infeasible': 13, 'solved': 16, 'timeout': 1}",30,593.2390256524086,180.1555306352675,1237487,714.7693161964417,66,0,0,45.169,22.1391,1461.1806,0.3091,47.71542796875,192.0,/home/josephluke/Program-Synthesis-for-Efficient-ML/results/relaxation_sweep/run1_normal_full/error_samples/mxint8_add_v2_4b_r02.npz
mxint8_add,MXINT8,V2,4,fixed,nominal,3,12347,0,solved,solved,True,15,30,15,15,0,0,0,15,0,False,"{'infeasible': 11, 'solved': 15, 'timeout': 4}",30,1368.0901303850114,180.1565051842481,1660652,1500.828519821167,85,0,0,43.812,22.8248,1940.108,0.6914,6.69432390625,72.0,/home/josephluke/Program-Synthesis-for-Efficient-ML/results/relaxation_sweep/run1_normal_full/error_samples/mxint8_add_v2_4b_r03.npz
mxint8_add,MXINT8,V2,5,fixed,nominal,1,12345,0,solved,solved,True,14,30,14,14,0,0,0,16,0,False,"{'infeasible': 4, 'solved': 14, 'timeout': 12}",30,2894.307507466525,180.19745773263276,2017785,3017.3141388893127,79,0,0,45.169,22.1391,1748.9888999999998,0.8184,3.07885,48.0,/home/josephluke/Program-Synthesis-for-Efficient-ML/results/relaxation_sweep/run1_normal_full/error_samples/mxint8_add_v2_5b_r01.npz
mxint8_add,MXINT8,V2,5,fixed,nominal,2,12346,0,solved,solved,True,16,30,16,16,0,0,0,14,0,False,"{'infeasible': 13, 'solved': 16, 'timeout': 1}",30,854.0074269715697,180.07231038622558,1931381,976.997955083847,80,0,0,43.812,22.8248,1825.984,0.5949,13.1238921875,76.0,/home/josephluke/Program-Synthesis-for-Efficient-ML/results/relaxation_sweep/run1_normal_full/error_samples/mxint8_add_v2_5b_r02.npz
mxint8_add,MXINT8,V2,5,fixed,nominal,3,12347,0,solved,solved,True,15,30,15,15,0,0,0,15,0,False,"{'infeasible': 11, 'solved': 15, 'timeout': 4}",30,1376.2271535787731,180.15294378995895,1664604,1499.7103645801544,97,0,0,43.812,22.8248,2214.0056,0.6433,7.6401932421875,72.0,/home/josephluke/Program-Synthesis-for-Efficient-ML/results/relaxation_sweep/run1_normal_full/error_samples/mxint8_add_v2_5b_r03.npz
mxint8_add,MXINT8,V2,6,fixed,nominal,1,12345,0,solved,solved,True,9,30,9,9,0,0,0,21,0,False,"{'infeasible': 4, 'solved': 9, 'timeout': 17}",30,3286.1836773660034,180.17561856657267,840679,3405.705201148987,78,0,0,45.169,22.1391,1726.8498,0.7334999999999999,5.06270203125,56.0,/home/josephluke/Program-Synthesis-for-Efficient-ML/results/relaxation_sweep/run1_normal_full/error_samples/mxint8_add_v2_6b_r01.npz
mxint8_add,MXINT8,V2,6,fixed,nominal,2,12346,0,solved,solved,True,10,30,10,10,0,0,0,20,0,False,"{'infeasible': 20, 'solved': 10}",30,64.86818221025169,16.61164210550487,382695,185.15097570419312,105,0,0,45.869,21.8012,2289.126,0.8036,3.15325734375,48.0,/home/josephluke/Program-Synthesis-for-Efficient-ML/results/relaxation_sweep/run1_normal_full/error_samples/mxint8_add_v2_6b_r02.npz
mxint8_add,MXINT8,V2,6,fixed,nominal,3,12347,0,solved,solved,True,9,30,9,9,0,0,0,21,0,False,"{'infeasible': 19, 'solved': 9, 'timeout': 2}",30,714.5431170780212,180.1673383973539,1296131,836.8660485744476,49,0,0,42.012,23.8027,1166.3323,0.8695,1.7587178125,16.0,/home/josephluke/Program-Synthesis-for-Efficient-ML/results/relaxation_sweep/run1_normal_full/error_samples/mxint8_add_v2_6b_r03.npz
mxint8_add,MXINT8,V2,7,fixed,nominal,1,12345,0,solved,solved,True,9,30,9,9,0,0,0,21,0,False,"{'infeasible': 4, 'solved': 9, 'timeout': 17}",30,3354.120582530275,180.17308212071657,1082326,3477.3415915966034,73,0,0,42.569,23.4913,1714.8649,0.7990999999999999,3.1196903125,48.0,/home/josephluke/Program-Synthesis-for-Efficient-ML/results/relaxation_sweep/run1_normal_full/error_samples/mxint8_add_v2_7b_r01.npz
mxint8_add,MXINT8,V2,7,fixed,nominal,2,12346,0,solved,solved,True,9,30,9,9,0,0,0,21,0,False,"{'infeasible': 21, 'solved': 9}",30,280.25369058549404,139.74310446716845,1159765,403.3649868965149,82,0,0,40.791,24.5152,2010.2464,0.8703,2.2564984375,48.0,/home/josephluke/Program-Synthesis-for-Efficient-ML/results/relaxation_sweep/run1_normal_full/error_samples/mxint8_add_v2_7b_r02.npz
mxint8_add,MXINT8,V2,7,fixed,nominal,3,12347,0,solved,solved,True,9,30,9,9,0,0,0,21,0,False,"{'infeasible': 19, 'solved': 9, 'timeout': 2}",30,777.3191704675555,180.16117216087878,1493794,898.7145414352417,69,0,0,45.869,21.8012,1504.2828000000002,0.8918,1.770523125,32.0,/home/josephluke/Program-Synthesis-for-Efficient-ML/results/relaxation_sweep/run1_normal_full/error_samples/mxint8_add_v2_7b_r03.npz
mxint8_add,MXINT8,V2,8,fixed,nominal,1,12345,0,solved,solved,True,13,30,13,13,0,0,0,17,0,False,"{'fail': 5, 'solved': 13, 'timeout': 12}",30,2883.4166283700615,180.18269629590213,3147172,3002.0776133537292,66,0,0,39.226,25.4933,1682.5578,0.8187000000000001,2.258439375,16.0,/home/josephluke/Program-Synthesis-for-Efficient-ML/results/relaxation_sweep/run1_normal_full/error_samples/mxint8_add_v2_8b_r01.npz
mxint8_add,MXINT8,V2,8,fixed,nominal,2,12346,0,solved,solved,True,9,30,9,9,0,0,0,21,0,False,"{'fail': 21, 'solved': 9}",30,174.27907410636544,86.744205577299,1163677,294.83779430389404,82,0,0,40.791,24.5152,2010.2464,0.8712000000000001,2.248446875,48.0,/home/josephluke/Program-Synthesis-for-Efficient-ML/results/relaxation_sweep/run1_normal_full/error_samples/mxint8_add_v2_8b_r02.npz
mxint8_add,MXINT8,V2,8,fixed,nominal,3,12347,0,solved,solved,True,9,30,9,9,0,0,0,21,0,False,"{'fail': 19, 'solved': 9, 'timeout': 2}",30,624.8958100639284,180.19065569527447,1493860,744.9084596633911,69,0,0,45.869,21.8012,1504.2828000000002,0.8919,1.7411103125,32.0,/home/josephluke/Program-Synthesis-for-Efficient-ML/results/relaxation_sweep/run1_normal_full/error_samples/mxint8_add_v2_8b_r03.npz
mxint8_add,MXINT8,V2,8,staged,nominal,1,12345,0,solved,solved,True,13,30,13,13,0,0,0,17,0,False,"{'fail': 5, 'infeasible': 10, 'solved': 13, 'timeout': 24}",52,5048.977201897651,180.1852071173489,3176200,5168.49995970726,66,0,0,39.226,25.4933,1682.5578,0.8181999999999999,2.2655903125,16.0,/home/josephluke/Program-Synthesis-for-Efficient-ML/results/relaxation_sweep/run1_normal_full/error_samples/mxint8_add_v2_staged_r01.npz
mxint8_add,MXINT8,V2,8,staged,nominal,2,12346,0,solved,solved,True,9,30,9,9,0,0,0,21,0,False,"{'fail': 21, 'infeasible': 42, 'solved': 9}",72,456.7125154007226,134.92284740880132,2534647,576.8319773674011,82,0,0,40.791,24.5152,2010.2464,0.87,2.273831875,48.0,/home/josephluke/Program-Synthesis-for-Efficient-ML/results/relaxation_sweep/run1_normal_full/error_samples/mxint8_add_v2_staged_r02.npz
mxint8_add,MXINT8,V2,8,staged,nominal,3,12347,0,solved,solved,True,10,30,9,9,0,1,1,20,0,True,"{'fail': 19, 'infeasible': 36, 'solved': 10, 'timeout': 6}",71,1558.7250016964972,180.1687087919563,1791711,1678.4671576023102,69,0,0,45.869,21.8012,1504.2828000000002,0.8915000000000001,1.75401,32.0,/home/josephluke/Program-Synthesis-for-Efficient-ML/results/relaxation_sweep/run1_normal_full/error_samples/mxint8_add_v2_staged_r03.npz
mxint8_mul,MXINT8,V1,4,fixed,nominal,1,12345,0,solved,solved,True,21,30,21,21,0,0,0,9,0,False,"{'solved': 21, 'timeout': 9}",30,1628.109697677195,180.12164525315166,404086,2213.314181804657,11,0,0,220.313,4.539,49.928999999999995,0.23010000000000003,39.37225154296875,224.0,/home/josephluke/Program-Synthesis-for-Efficient-ML/results/relaxation_sweep/run1_normal_full/error_samples/mxint8_mul_v1_4b_r01.npz
mxint8_mul,MXINT8,V1,4,fixed,nominal,2,12346,0,solved,solved,True,12,30,12,12,0,0,0,18,0,False,"{'infeasible': 1, 'solved': 12, 'timeout': 17}",30,3144.5257430151105,180.11636025086045,14290057,3730.174873828888,36,0,0,127.959,7.815,281.34000000000003,0.8945000000000001,2.004627119140625,128.0,/home/josephluke/Program-Synthesis-for-Efficient-ML/results/relaxation_sweep/run1_normal_full/error_samples/mxint8_mul_v1_4b_r02.npz
mxint8_mul,MXINT8,V1,4,fixed,nominal,3,12347,0,solved,solved,True,19,30,19,19,0,0,0,11,0,False,"{'solved': 19, 'timeout': 11}",30,1981.603278690949,180.12634769827127,13252,2101.2682542800903,10,0,0,427.35,2.34,23.4,0.2285,39.54304628417969,208.0,/home/josephluke/Program-Synthesis-for-Efficient-ML/results/relaxation_sweep/run1_normal_full/error_samples/mxint8_mul_v1_4b_r03.npz
mxint8_mul,MXINT8,V1,5,fixed,nominal,1,12345,0,solved,solved,True,21,30,21,21,0,0,0,9,0,False,"{'solved': 21, 'timeout': 9}",30,1627.7704559024423,180.12332849018276,404106,1745.803713798523,34,0,0,189.43,5.279,179.486,0.2802,23.152341567382813,88.0,/home/josephluke/Program-Synthesis-for-Efficient-ML/results/relaxation_sweep/run1_normal_full/error_samples/mxint8_mul_v1_5b_r01.npz
mxint8_mul,MXINT8,V1,5,fixed,nominal,2,12346,0,solved,solved,True,12,30,12,12,0,0,0,18,0,False,"{'infeasible': 1, 'solved': 12, 'timeout': 17}",30,3139.598323935643,180.1176621634513,14290076,3257.5039596557617,42,0,0,127.959,7.815,328.23,0.5009,10.3746914453125,127.998046875,/home/josephluke/Program-Synthesis-for-Efficient-ML/results/relaxation_sweep/run1_normal_full/error_samples/mxint8_mul_v1_5b_r02.npz
mxint8_mul,MXINT8,V1,5,fixed,nominal,3,12347,0,solved,solved,True,19,30,19,19,0,0,0,11,0,False,"{'solved': 19, 'timeout': 11}",30,1981.6159518752247,180.121758479625,13271,2098.0016028881073,29,0,0,189.43,5.279,153.091,0.2723,26.601705395507814,127.9990234375,/home/josephluke/Program-Synthesis-for-Efficient-ML/results/relaxation_sweep/run1_normal_full/error_samples/mxint8_mul_v1_5b_r03.npz
mxint8_mul,MXINT8,V1,6,fixed,nominal,1,12345,0,solved,solved,True,20,30,20,20,0,0,0,10,0,False,"{'solved': 20, 'timeout': 10}",30,1806.8491418249905,180.1204019319266,378843,1924.6904950141907,34,0,0,189.43,5.279,179.486,0.2812,23.204650170898436,88.0,/home/josephluke/Program-Synthesis-for-Efficient-ML/results/relaxation_sweep/run1_normal_full/error_samples/mxint8_mul_v1_6b_r01.npz
mxint8_mul,MXINT8,V1,6,fixed,nominal,2,12346,0,solved,solved,True,12,30,12,12,0,0,0,18,0,False,"{'infeasible': 1, 'solved': 12, 'timeout': 17}",30,3137.777186203748,180.11820166371763,14290085,3253.722666501999,41,0,0,127.959,7.815,320.415,0.5590999999999999,8.961530756835938,127.998046875,/home/josephluke/Program-Synthesis-for-Efficient-ML/results/relaxation_sweep/run1_normal_full/error_samples/mxint8_mul_v1_6b_r02.npz
mxint8_mul,MXINT8,V1,6,fixed,nominal,3,12347,0,solved,solved,True,19,30,19,19,0,0,0,11,0,False,"{'solved': 19, 'timeout': 11}",30,1983.948257157579,180.12225169315934,159455,2099.280925989151,23,0,0,427.35,2.34,53.81999999999999,0.8602,6.777400302734375,128.0,/home/josephluke/Program-Synthesis-for-Efficient-ML/results/relaxation_sweep/run1_normal_full/error_samples/mxint8_mul_v1_6b_r03.npz
mxint8_mul,MXINT8,V1,7,fixed,nominal,1,12345,0,solved,solved,True,19,30,19,19,0,0,0,11,0,False,"{'solved': 19, 'timeout': 11}",30,1987.0077345650643,180.12230643443763,428583,2103.46862244606,23,0,0,427.35,2.34,53.81999999999999,0.86,6.798939448242187,128.0,/home/josephluke/Program-Synthesis-for-Efficient-ML/results/relaxation_sweep/run1_normal_full/error_samples/mxint8_mul_v1_7b_r01.npz
mxint8_mul,MXINT8,V1,7,fixed,nominal,2,12346,0,solved,solved,True,14,30,14,14,0,0,0,16,0,False,"{'infeasible': 4, 'solved': 14, 'timeout': 12}",30,2179.94339174591,180.12085949629545,3594065,2294.709203720093,23,0,0,427.35,2.34,53.81999999999999,0.8590000000000001,6.867932958984375,128.0,/home/josephluke/Program-Synthesis-for-Efficient-ML/results/relaxation_sweep/run1_normal_full/error_samples/mxint8_mul_v1_7b_r02.npz
mxint8_mul,MXINT8,V1,7,fixed,nominal,3,12347,0,solved,solved,True,19,30,19,19,0,0,0,11,0,False,"{'solved': 19, 'timeout': 11}",30,1987.6088876035064,180.12255338393152,451191,2103.2796766757965,23,0,0,427.35,2.34,53.81999999999999,0.8581,6.969695014648438,128.0,/home/josephluke/Program-Synthesis-for-Efficient-ML/results/relaxation_sweep/run1_normal_full/error_samples/mxint8_mul_v1_7b_r03.npz
mxint8_mul,MXINT8,V1,8,fixed,nominal,1,12345,0,solved,solved,True,19,30,19,19,0,0,0,11,0,False,"{'solved': 19, 'timeout': 11}",30,1986.8207368180156,180.12244227528572,431113,2102.5321922302246,23,0,0,427.35,2.34,53.81999999999999,0.8602,6.758321333007813,128.0,/home/josephluke/Program-Synthesis-for-Efficient-ML/results/relaxation_sweep/run1_normal_full/error_samples/mxint8_mul_v1_8b_r01.npz
mxint8_mul,MXINT8,V1,8,fixed,nominal,2,12346,0,solved,solved,True,14,30,14,14,0,0,0,16,0,False,"{'fail': 4, 'solved': 14, 'timeout': 12}",30,2179.624076310545,180.12082312628627,3594069,2294.8885645866394,23,0,0,427.35,2.34,53.81999999999999,0.8597,6.766834760742188,128.0,/home/josephluke/Program-Synthesis-for-Efficient-ML/results/relaxation_sweep/run1_normal_full/error_samples/mxint8_mul_v1_8b_r02.npz
mxint8_mul,MXINT8,V1,8,fixed,nominal,3,12347,0,solved,solved,True,19,30,19,19,0,0,0,11,0,False,"{'solved': 19, 'timeout': 11}",30,1987.50979523547,180.12187491171062,451192,2102.9543812274933,23,0,0,427.35,2.34,53.81999999999999,0.8595999999999999,6.842202211914063,128.0,/home/josephluke/Program-Synthesis-for-Efficient-ML/results/relaxation_sweep/run1_normal_full/error_samples/mxint8_mul_v1_8b_r03.npz
mxint8_mul,MXINT8,V1,8,staged,nominal,1,12345,0,solved,solved,True,21,30,19,19,0,2,2,9,0,True,"{'solved': 21, 'timeout': 22}",43,4097.273656873032,180.12264846079051,12692634,4213.848029851913,24,0,0,220.313,4.539,108.93599999999999,0.8606999999999999,4.005098657226562,128.0,/home/josephluke/Program-Synthesis-for-Efficient-ML/results/relaxation_sweep/run1_normal_full/error_samples/mxint8_mul_v1_staged_r01.npz
mxint8_mul,MXINT8,V1,8,staged,nominal,2,12346,0,solved,solved,True,15,30,14,14,0,1,1,15,0,True,"{'fail': 4, 'infeasible': 8, 'solved': 15, 'timeout': 24}",51,4397.3416064661,180.12117356993258,12494589,4513.444842576981,24,0,0,220.313,4.539,108.93599999999999,0.861,4.0526340673828125,128.0,/home/josephluke/Program-Synthesis-for-Efficient-ML/results/relaxation_sweep/run1_normal_full/error_samples/mxint8_mul_v1_staged_r02.npz
mxint8_mul,MXINT8,V1,8,staged,nominal,3,12347,0,solved,solved,True,19,30,19,19,0,0,0,11,0,False,"{'solved': 19, 'timeout': 22}",41,3968.59469926171,180.12238623946905,451192,4084.266065120697,23,0,0,427.35,2.34,53.81999999999999,0.8595,6.84704970703125,128.0,/home/josephluke/Program-Synthesis-for-Efficient-ML/results/relaxation_sweep/run1_normal_full/error_samples/mxint8_mul_v1_staged_r03.npz
mxint8_mul,MXINT8,V2,6,fixed,nominal,1,12345,0,solved,solved,True,20,30,20,20,0,0,0,10,0,False,"{'infeasible': 10, 'solved': 20}",30,153.76739279180765,35.97708959877491,27714606,269.78811025619507,33,0,0,156.814,6.377,210.441,0.22760000000000002,36.15646950683594,224.0,/home/josephluke/Program-Synthesis-for-Efficient-ML/results/relaxation_sweep/run1_normal_full/error_samples/mxint8_mul_v2_6b_r01.npz
mxint8_mul,MXINT8,V2,6,fixed,nominal,2,12346,0,solved,solved,True,15,30,15,15,0,0,0,15,0,False,"{'infeasible': 15, 'solved': 15}",30,80.01929006539285,10.10954594053328,14593022,196.0385184288025,33,0,0,156.814,6.377,210.441,0.226,36.1073171484375,224.0,/home/josephluke/Program-Synthesis-for-Efficient-ML/results/relaxation_sweep/run1_normal_full/error_samples/mxint8_mul_v2_6b_r02.npz
mxint8_mul,MXINT8,V2,6,fixed,nominal,3,12347,0,solved,solved,True,19,30,19,19,0,0,0,11,0,False,"{'infeasible': 11, 'solved': 19}",30,347.48589891567826,106.35223312489688,59845274,462.82905864715576,23,0,0,427.35,2.34,53.81999999999999,0.8593000000000001,6.7957323486328125,128.0,/home/josephluke/Program-Synthesis-for-Efficient-ML/results/relaxation_sweep/run1_normal_full/error_samples/mxint8_mul_v2_6b_r03.npz
mxint8_mul,MXINT8,V2,8,fixed,nominal,1,12345,0,solved,solved,True,19,30,19,19,0,0,0,11,0,False,"{'fail': 11, 'solved': 19}",30,275.43886948749423,75.5579614173621,49361496,391.8881161212921,23,0,0,427.35,2.34,53.81999999999999,0.8592,6.729029462890625,128.0,/home/josephluke/Program-Synthesis-for-Efficient-ML/results/relaxation_sweep/run1_normal_full/error_samples/mxint8_mul_v2_8b_r01.npz
mxint8_mul,MXINT8,V2,8,fixed,nominal,2,12346,0,solved,solved,True,14,30,14,14,0,0,0,16,0,False,"{'fail': 16, 'solved': 14}",30,88.63492447696626,10.040630709379911,15935001,204.68185210227966,23,0,0,427.35,2.34,53.81999999999999,0.8576999999999999,6.91057994140625,128.0,/home/josephluke/Program-Synthesis-for-Efficient-ML/results/relaxation_sweep/run1_normal_full/error_samples/mxint8_mul_v2_8b_r02.npz
mxint8_mul,MXINT8,V2,8,fixed,nominal,3,12347,0,solved,solved,True,19,30,19,19,0,0,0,11,0,False,"{'fail': 11, 'solved': 19}",30,350.6739497873932,112.66349479742348,59845274,466.8377888202667,23,0,0,427.35,2.34,53.81999999999999,0.8590000000000001,6.96598115234375,128.0,/home/josephluke/Program-Synthesis-for-Efficient-ML/results/relaxation_sweep/run1_normal_full/error_samples/mxint8_mul_v2_8b_r03.npz
mxint8_mul,MXINT8,V2,8,fixed,stress,1,12345,0,solved,solved,True,7,10,7,7,0,0,0,3,0,False,"{'fail': 3, 'solved': 7}",10,13.850097646936774,6.899477941915393,2718040,130.17418336868286,23,0,0,427.35,2.34,53.81999999999999,0.8583,6.836987690429687,128.0,/home/josephluke/Program-Synthesis-for-Efficient-ML/results/relaxation_sweep/run1_normal_full/error_samples/mxint8_mul_v2_8b_stress_r01.npz
mxint8_mul,MXINT8,V2,8,fixed,stress,2,12346,0,solved,solved,True,5,10,5,5,0,0,0,5,0,False,"{'fail': 5, 'solved': 5}",10,4.359346209093928,4.129454839974642,790633,120.50620532035828,23,0,0,427.35,2.34,53.81999999999999,0.8582,6.93147908203125,128.0,/home/josephluke/Program-Synthesis-for-Efficient-ML/results/relaxation_sweep/run1_normal_full/error_samples/mxint8_mul_v2_8b_stress_r02.npz
mxint8_mul,MXINT8,V2,8,fixed,stress,3,12347,0,solved,solved,True,8,10,8,8,0,0,0,2,0,False,"{'fail': 2, 'solved': 8}",10,2.6982806492596865,2.218022348359227,469056,119.06340217590332,23,0,0,427.35,2.34,53.81999999999999,0.86,6.696505361328125,128.0,/home/josephluke/Program-Synthesis-for-Efficient-ML/results/relaxation_sweep/run1_normal_full/error_samples/mxint8_mul_v2_8b_stress_r03.npz
mxint8_mul,MXINT8,V2,8,staged,nominal,1,12345,0,solved,solved,True,21,30,19,19,0,2,2,9,0,True,"{'fail': 4, 'infeasible': 31, 'solved': 21}",56,894.302472051233,80.80184561014175,150784191,1011.2395849227905,24,0,0,220.313,4.539,108.93599999999999,0.8595,4.008821665039062,128.0,/home/josephluke/Program-Synthesis-for-Efficient-ML/results/relaxation_sweep/run1_normal_full/error_samples/mxint8_mul_v2_staged_r01.npz
mxint8_mul,MXINT8,V2,8,staged,nominal,2,12346,0,solved,solved,True,15,30,14,14,0,1,1,15,0,True,"{'fail': 15, 'infeasible': 34, 'solved': 15}",64,278.06159439869225,10.697755046188831,49149790,394.8343322277069,24,0,0,220.313,4.539,108.93599999999999,0.8595,4.0421363037109375,128.0,/home/josephluke/Program-Synthesis-for-Efficient-ML/results/relaxation_sweep/run1_normal_full/error_samples/mxint8_mul_v2_staged_r02.npz
mxint8_mul,MXINT8,V2,8,staged,nominal,3,12347,0,solved,solved,True,19,30,19,19,0,0,0,11,0,False,"{'fail': 11, 'infeasible': 22, 'solved': 19}",52,1084.1454780176282,116.11081570200622,179534926,1200.0321855545044,23,0,0,427.35,2.34,53.81999999999999,0.8582,6.909203657226563,128.0,/home/josephluke/Program-Synthesis-for-Efficient-ML/results/relaxation_sweep/run1_normal_full/error_samples/mxint8_mul_v2_staged_r03.npz
mxint8_mul,MXINT8,V2,8,staged,stress,1,12345,0,solved,solved,True,8,10,7,7,0,1,1,2,0,True,"{'fail': 4, 'infeasible': 6, 'solved': 8}",18,49.37019385024905,7.270555879920721,9502588,167.8112189769745,24,0,0,220.313,4.539,108.93599999999999,0.8595999999999999,4.054774116210938,128.0,/home/josephluke/Program-Synthesis-for-Efficient-ML/results/relaxation_sweep/run1_normal_full/error_samples/mxint8_mul_v2_staged_stress_r01.npz
mxint8_mul,MXINT8,V2,8,staged,stress,2,12346,0,solved,solved,True,5,10,5,5,0,0,0,5,0,False,"{'fail': 5, 'infeasible': 10, 'solved': 5}",20,13.184702003374696,4.248015210032463,2371679,129.72189259529114,23,0,0,427.35,2.34,53.81999999999999,0.8582,6.934060395507813,128.0,/home/josephluke/Program-Synthesis-for-Efficient-ML/results/relaxation_sweep/run1_normal_full/error_samples/mxint8_mul_v2_staged_stress_r02.npz
mxint8_mul,MXINT8,V2,8,staged,stress,3,12347,0,solved,solved,True,8,10,8,8,0,0,0,2,0,False,"{'fail': 2, 'infeasible': 4, 'solved': 8}",14,7.911338182166219,2.257918221876025,1406816,123.72714400291443,23,0,0,427.35,2.34,53.81999999999999,0.8598,6.872517900390625,128.0,/home/josephluke/Program-Synthesis-for-Efficient-ML/results/relaxation_sweep/run1_normal_full/error_samples/mxint8_mul_v2_staged_stress_r03.npz
